planner,seed,ablation,metric,trace_hash,events,pairs,rejected_actions,roc_auc,precision,recall,f1,precision_at_k,adjusted_rand,nmi,within_mean,between_mean,separation
NaiveUniform,11,none,composite,f6dad6024ab02e51ad81c873dcf03bfe94ad01d69298d3fe4bb9d83359413e47,6000,4950,0,1.00000000,0.70312500,1.00000000,0.82568807,1.00000000,0.71794872,0.90519722,,,
NaiveUniform,11,none,Timing,f6dad6024ab02e51ad81c873dcf03bfe94ad01d69298d3fe4bb9d83359413e47,6000,4950,0,0.68666667,0.09090909,1.00000000,0.16666667,0.11777778,0.00000000,0.00000000,1.00000000,0.92710213,0.07289787
NaiveUniform,11,none,Amount,f6dad6024ab02e51ad81c873dcf03bfe94ad01d69298d3fe4bb9d83359413e47,6000,4950,0,1.00000000,0.11111111,1.00000000,0.20000000,1.00000000,0.04347826,0.37574159,1.00000000,0.67000000,0.33000000
NaiveUniform,11,none,Sequence,f6dad6024ab02e51ad81c873dcf03bfe94ad01d69298d3fe4bb9d83359413e47,6000,4950,0,0.91111111,0.36000000,1.00000000,0.52941176,0.34888889,0.45679012,0.77026959,1.00000000,0.17777778,0.82222222
NaiveUniform,11,none,Destination,f6dad6024ab02e51ad81c873dcf03bfe94ad01d69298d3fe4bb9d83359413e47,6000,4950,0,1.00000000,1.00000000,1.00000000,1.00000000,1.00000000,1.00000000,1.00000000,1.00000000,0.00000000,1.00000000
NaiveUniform,11,none,Synchrony,f6dad6024ab02e51ad81c873dcf03bfe94ad01d69298d3fe4bb9d83359413e47,6000,4950,0,1.00000000,1.00000000,1.00000000,1.00000000,1.00000000,1.00000000,1.00000000,1.00000000,0.00000000,1.00000000
NaiveUniform,11,none,Funding,f6dad6024ab02e51ad81c873dcf03bfe94ad01d69298d3fe4bb9d83359413e47,6000,4950,0,1.00000000,1.00000000,1.00000000,1.00000000,1.00000000,1.00000000,1.00000000,1.00000000,0.00000000,1.00000000
NaiveUniform,11,none,Route,f6dad6024ab02e51ad81c873dcf03bfe94ad01d69298d3fe4bb9d83359413e47,6000,4950,0,0.77777778,0.18367347,1.00000000,0.31034483,0.18444444,0.18518519,0.54866200,1.00000000,0.44444444,0.55555556
NaiveUniform,11,none,BalanceRank,f6dad6024ab02e51ad81c873dcf03bfe94ad01d69298d3fe4bb9d83359413e47,6000,4950,0,0.90891556,0.19266055,0.93333333,0.31939163,0.63333333,0.00041905,0.09455928,0.86203792,0.45279621,0.40924172
NaiveUniform,11,without_timing,composite,f6dad6024ab02e51ad81c873dcf03bfe94ad01d69298d3fe4bb9d83359413e47,6000,4950,0,1.00000000,1.00000000,1.00000000,1.00000000,1.00000000,1.00000000,1.00000000,,,
NaiveUniform,11,without_timing,Timing,f6dad6024ab02e51ad81c873dcf03bfe94ad01d69298d3fe4bb9d83359413e47,6000,4950,0,0.68666667,0.09090909,1.00000000,0.16666667,0.11777778,0.00000000,0.00000000,1.00000000,0.92710213,0.07289787
NaiveUniform,11,without_timing,Amount,f6dad6024ab02e51ad81c873dcf03bfe94ad01d69298d3fe4bb9d83359413e47,6000,4950,0,1.00000000,0.11111111,1.00000000,0.20000000,1.00000000,0.04347826,0.37574159,1.00000000,0.67000000,0.33000000
NaiveUniform,11,without_timing,Sequence,f6dad6024ab02e51ad81c873dcf03bfe94ad01d69298d3fe4bb9d83359413e47,6000,4950,0,0.91111111,0.36000000,1.00000000,0.52941176,0.34888889,0.45679012,0.77026959,1.00000000,0.17777778,0.82222222
NaiveUniform,11,without_timing,Destination,f6dad6024ab02e51ad81c873dcf03bfe94ad01d69298d3fe4bb9d83359413e47,6000,4950,0,1.00000000,1.00000000,1.00000000,1.00000000,1.00000000,1.00000000,1.00000000,1.00000000,0.00000000,1.00000000
NaiveUniform,11,without_timing,Synchrony,f6dad6024ab02e51ad81c873dcf03bfe94ad01d69298d3fe4bb9d83359413e47,6000,4950,0,1.00000000,1.00000000,1.00000000,1.00000000,1.00000000,1.00000000,1.00000000,1.00000000,0.00000000,1.00000000
NaiveUniform,11,without_timing,Funding,f6dad6024ab02e51ad81c873dcf03bfe94ad01d69298d3fe4bb9d83359413e47,6000,4950,0,1.00000000,1.00000000,1.00000000,1.00000000,1.00000000,1.00000000,1.00000000,1.00000000,0.00000000,1.00000000
NaiveUniform,11,without_timing,Route,f6dad6024ab02e51ad81c873dcf03bfe94ad01d69298d3fe4bb9d83359413e47,6000,4950,0,0.77777778,0.18367347,1.00000000,0.31034483,0.18444444,0.18518519,0.54866200,1.00000000,0.44444444,0.55555556
NaiveUniform,11,without_timing,BalanceRank,f6dad6024ab02e51ad81c873dcf03bfe94ad01d69298d3fe4bb9d83359413e47,6000,4950,0,0.90891556,0.19266055,0.93333333,0.31939163,0.63333333,0.00041905,0.09455928,0.86203792,0.45279621,0.40924172
NaiveUniform,11,without_amount,composite,f6dad6024ab02e51ad81c873dcf03bfe94ad01d69298d3fe4bb9d83359413e47,6000,4950,0,1.00000000,1.00000000,1.00000000,1.00000000,1.00000000,1.00000000,1.00000000,,,
NaiveUniform,11,without_amount,Timing,f6dad6024ab02e51ad81c873dcf03bfe94ad01d69298d3fe4bb9d83359413e47,6000,4950,0,0.68666667,0.09090909,1.00000000,0.16666667,0.11777778,0.00000000,0.00000000,1.00000000,0.92710213,0.07289787
NaiveUniform,11,without_amount,Amount,f6dad6024ab02e51ad81c873dcf03bfe94ad01d69298d3fe4bb9d83359413e47,6000,4950,0,1.00000000,0.11111111,1.00000000,0.20000000,1.00000000,0.04347826,0.37574159,1.00000000,0.67000000,0.33000000
NaiveUniform,11,without_amount,Sequence,f6dad6024ab02e51ad81c873dcf03bfe94ad01d69298d3fe4bb9d83359413e47,6000,4950,0,0.91111111,0.36000000,1.00000000,0.52941176,0.34888889,0.45679012,0.77026959,1.00000000,0.17777778,0.82222222
NaiveUniform,11,without_amount,Destination,f6dad6024ab02e51ad81c873dcf03bfe94ad01d69298d3fe4bb9d83359413e47,6000,4950,0,1.00000000,1.00000000,1.00000000,1.00000000,1.00000000,1.00000000,1.00000000,1.00000000,0.00000000,1.00000000
NaiveUniform,11,without_amount,Synchrony,f6dad6024ab02e51ad81c873dcf03bfe94ad01d69298d3fe4bb9d83359413e47,6000,4950,0,1.00000000,1.00000000,1.00000000,1.00000000,1.00000000,1.00000000,1.00000000,1.00000000,0.00000000,1.00000000
NaiveUniform,11,without_amount,Funding,f6dad6024ab02e51ad81c873dcf03bfe94ad01d69298d3fe4bb9d83359413e47,6000,4950,0,1.00000000,1.00000000,1.00000000,1.00000000,1.00000000,1.00000000,1.00000000,1.00000000,0.00000000,1.00000000
NaiveUniform,11,without_amount,Route,f6dad6024ab02e51ad81c873dcf03bfe94ad01d69298d3fe4bb9d83359413e47,6000,4950,0,0.77777778,0.18367347,1.00000000,0.31034483,0.18444444,0.18518519,0.54866200,1.00000000,0.44444444,0.55555556
NaiveUniform,11,without_amount,BalanceRank,f6dad6024ab02e51ad81c873dcf03bfe94ad01d69298d3fe4bb9d83359413e47,6000,4950,0,0.90891556,0.19266055,0.93333333,0.31939163,0.63333333,0.00041905,0.09455928,0.86203792,0.45279621,0.40924172
NaiveUniform,11,without_sequence,composite,f6dad6024ab02e51ad81c873dcf03bfe94ad01d69298d3fe4bb9d83359413e47,6000,4950,0,1.00000000,1.00000000,1.00000000,1.00000000,1.00000000,1.00000000,1.00000000,,,
NaiveUniform,11,without_sequence,Timing,f6dad6024ab02e51ad81c873dcf03bfe94ad01d69298d3fe4bb9d83359413e47,6000,4950,0,0.68666667,0.09090909,1.00000000,0.16666667,0.11777778,0.00000000,0.00000000,1.00000000,0.92710213,0.07289787
NaiveUniform,11,without_sequence,Amount,f6dad6024ab02e51ad81c873dcf03bfe94ad01d69298d3fe4bb9d83359413e47,6000,4950,0,1.00000000,0.11111111,1.00000000,0.20000000,1.00000000,0.04347826,0.37574159,1.00000000,0.67000000,0.33000000
NaiveUniform,11,without_sequence,Sequence,f6dad6024ab02e51ad81c873dcf03bfe94ad01d69298d3fe4bb9d83359413e47,6000,4950,0,0.91111111,0.36000000,1.00000000,0.52941176,0.34888889,0.45679012,0.77026959,1.00000000,0.17777778,0.82222222
NaiveUniform,11,without_sequence,Destination,f6dad6024ab02e51ad81c873dcf03bfe94ad01d69298d3fe4bb9d83359413e47,6000,4950,0,1.00000000,1.00000000,1.00000000,1.00000000,1.00000000,1.00000000,1.00000000,1.00000000,0.00000000,1.00000000
NaiveUniform,11,without_sequence,Synchrony,f6dad6024ab02e51ad81c873dcf03bfe94ad01d69298d3fe4bb9d83359413e47,6000,4950,0,1.00000000,1.00000000,1.00000000,1.00000000,1.00000000,1.00000000,1.00000000,1.00000000,0.00000000,1.00000000
NaiveUniform,11,without_sequence,Funding,f6dad6024ab02e51ad81c873dcf03bfe94ad01d69298d3fe4bb9d83359413e47,6000,4950,0,1.00000000,1.00000000,1.00000000,1.00000000,1.00000000,1.00000000,1.00000000,1.00000000,0.00000000,1.00000000
NaiveUniform,11,without_sequence,Route,f6dad6024ab02e51ad81c873dcf03bfe94ad01d69298d3fe4bb9d83359413e47,6000,4950,0,0.77777778,0.18367347,1.00000000,0.31034483,0.18444444,0.18518519,0.54866200,1.00000000,0.44444444,0.55555556
NaiveUniform,11,without_sequence,BalanceRank,f6dad6024ab02e51ad81c873dcf03bfe94ad01d69298d3fe4bb9d83359413e47,6000,4950,0,0.90891556,0.19266055,0.93333333,0.31939163,0.63333333,0.00041905,0.09455928,0.86203792,0.45279621,0.40924172
NaiveUniform,11,without_synchrony,composite,f6dad6024ab02e51ad81c873dcf03bfe94ad01d69298d3fe4bb9d83359413e47,6000,4950,0,1.00000000,0.42857143,1.00000000,0.60000000,1.00000000,0.54166667,0.82234155,,,
NaiveUniform,11,without_synchrony,Timing,f6dad6024ab02e51ad81c873dcf03bfe94ad01d69298d3fe4bb9d83359413e47,6000,4950,0,0.68666667,0.09090909,1.00000000,0.16666667,0.11777778,0.00000000,0.00000000,1.00000000,0.92710213,0.07289787
NaiveUniform,11,without_synchrony,Amount,f6dad6024ab02e51ad81c873dcf03bfe94ad01d69298d3fe4bb9d83359413e47,6000,4950,0,1.00000000,0.11111111,1.00000000,0.20000000,1.00000000,0.04347826,0.37574159,1.00000000,0.67000000,0.33000000
NaiveUniform,11,without_synchrony,Sequence,f6dad6024ab02e51ad81c873dcf03bfe94ad01d69298d3fe4bb9d83359413e47,6000,4950,0,0.91111111,0.36000000,1.00000000,0.52941176,0.34888889,0.45679012,0.77026959,1.00000000,0.17777778,0.82222222
NaiveUniform,11,without_synchrony,Destination,f6dad6024ab02e51ad81c873dcf03bfe94ad01d69298d3fe4bb9d83359413e47,6000,4950,0,1.00000000,1.00000000,1.00000000,1.00000000,1.00000000,1.00000000,1.00000000,1.00000000,0.00000000,1.00000000
NaiveUniform,11,without_synchrony,Synchrony,f6dad6024ab02e51ad81c873dcf03bfe94ad01d69298d3fe4bb9d83359413e47,6000,4950,0,1.00000000,1.00000000,1.00000000,1.00000000,1.00000000,1.00000000,1.00000000,1.00000000,0.00000000,1.00000000
NaiveUniform,11,without_synchrony,Funding,f6dad6024ab02e51ad81c873dcf03bfe94ad01d69298d3fe4bb9d83359413e47,6000,4950,0,1.00000000,1.00000000,1.00000000,1.00000000,1.00000000,1.00000000,1.00000000,1.00000000,0.00000000,1.00000000
NaiveUniform,11,without_synchrony,Route,f6dad6024ab02e51ad81c873dcf03bfe94ad01d69298d3fe4bb9d83359413e47,6000,4950,0,0.77777778,0.18367347,1.00000000,0.31034483,0.18444444,0.18518519,0.54866200,1.00000000,0.44444444,0.55555556
NaiveUniform,11,without_synchrony,BalanceRank,f6dad6024ab02e51ad81c873dcf03bfe94ad01d69298d3fe4bb9d83359413e47,6000,4950,0,0.90891556,0.19266055,0.93333333,0.31939163,0.63333333,0.00041905,0.09455928,0.86203792,0.45279621,0.40924172
NaiveUniform,11,without_funding,composite,f6dad6024ab02e51ad81c873dcf03bfe94ad01d69298d3fe4bb9d83359413e47,6000,4950,0,1.00000000,0.42857143,1.00000000,0.60000000,1.00000000,0.54166667,0.82234155,,,
NaiveUniform,11,without_funding,Timing,f6dad6024ab02e51ad81c873dcf03bfe94ad01d69298d3fe4bb9d83359413e47,6000,4950,0,0.68666667,0.09090909,1.00000000,0.16666667,0.11777778,0.00000000,0.00000000,1.00000000,0.92710213,0.07289787
NaiveUniform,11,without_funding,Amount,f6dad6024ab02e51ad81c873dcf03bfe94ad01d69298d3fe4bb9d83359413e47,6000,4950,0,1.00000000,0.11111111,1.00000000,0.20000000,1.00000000,0.04347826,0.37574159,1.00000000,0.67000000,0.33000000
NaiveUniform,11,without_funding,Sequence,f6dad6024ab02e51ad81c873dcf03bfe94ad01d69298d3fe4bb9d83359413e47,6000,4950,0,0.91111111,0.36000000,1.00000000,0.52941176,0.34888889,0.45679012,0.77026959,1.00000000,0.17777778,0.82222222
NaiveUniform,11,without_funding,Destination,f6dad6024ab02e51ad81c873dcf03bfe94ad01d69298d3fe4bb9d83359413e47,6000,4950,0,1.00000000,1.00000000,1.00000000,1.00000000,1.00000000,1.00000000,1.00000000,1.00000000,0.00000000,1.00000000
NaiveUniform,11,without_funding,Synchrony,f6dad6024ab02e51ad81c873dcf03bfe94ad01d69298d3fe4bb9d83359413e47,6000,4950,0,1.00000000,1.00000000,1.00000000,1.00000000,1.00000000,1.00000000,1.00000000,1.00000000,0.00000000,1.00000000
NaiveUniform,11,without_funding,Funding,f6dad6024ab02e51ad81c873dcf03bfe94ad01d69298d3fe4bb9d83359413e47,6000,4950,0,1.00000000,1.00000000,1.00000000,1.00000000,1.00000000,1.00000000,1.00000000,1.00000000,0.00000000,1.00000000
NaiveUniform,11,without_funding,Route,f6dad6024ab02e51ad81c873dcf03bfe94ad01d69298d3fe4bb9d83359413e47,6000,4950,0,0.77777778,0.18367347,1.00000000,0.31034483,0.18444444,0.18518519,0.54866200,1.00000000,0.44444444,0.55555556
NaiveUniform,11,without_funding,BalanceRank,f6dad6024ab02e51ad81c873dcf03bfe94ad01d69298d3fe4bb9d83359413e47,6000,4950,0,0.90891556,0.19266055,0.93333333,0.31939163,0.63333333,0.00041905,0.09455928,0.86203792,0.45279621,0.40924172
NaiveUniform,23,none,composite,b058389b92f64591f63797fc15265cd637571968ec100f7fe07c945752fe42e5,6000,4950,0,1.00000000,0.70312500,1.00000000,0.82568807,1.00000000,0.71794872,0.90519722,,,
NaiveUniform,23,none,Timing,b058389b92f64591f63797fc15265cd637571968ec100f7fe07c945752fe42e5,6000,4950,0,0.68666667,0.09090909,1.00000000,0.16666667,0.11777778,0.00000000,0.00000000,1.00000000,0.92710213,0.07289787
NaiveUniform,23,none,Amount,b058389b92f64591f63797fc15265cd637571968ec100f7fe07c945752fe42e5,6000,4950,0,1.00000000,0.11111111,1.00000000,0.20000000,1.00000000,0.04347826,0.37574159,1.00000000,0.67000000,0.33000000
NaiveUniform,23,none,Sequence,b058389b92f64591f63797fc15265cd637571968ec100f7fe07c945752fe42e5,6000,4950,0,0.91111111,0.36000000,1.00000000,0.52941176,0.34888889,0.45679012,0.77026959,1.00000000,0.17777778,0.82222222
NaiveUniform,23,none,Destination,b058389b92f64591f63797fc15265cd637571968ec100f7fe07c945752fe42e5,6000,4950,0,1.00000000,1.00000000,1.00000000,1.00000000,1.00000000,1.00000000,1.00000000,1.00000000,0.00000000,1.00000000
NaiveUniform,23,none,Synchrony,b058389b92f64591f63797fc15265cd637571968ec100f7fe07c945752fe42e5,6000,4950,0,1.00000000,1.00000000,1.00000000,1.00000000,1.00000000,1.00000000,1.00000000,1.00000000,0.00000000,1.00000000
NaiveUniform,23,none,Funding,b058389b92f64591f63797fc15265cd637571968ec100f7fe07c945752fe42e5,6000,4950,0,1.00000000,1.00000000,1.00000000,1.00000000,1.00000000,1.00000000,1.00000000,1.00000000,0.00000000,1.00000000
NaiveUniform,23,none,Route,b058389b92f64591f63797fc15265cd637571968ec100f7fe07c945752fe42e5,6000,4950,0,0.77777778,0.18367347,1.00000000,0.31034483,0.18444444,0.18518519,0.54866200,1.00000000,0.44444444,0.55555556
NaiveUniform,23,none,BalanceRank,b058389b92f64591f63797fc15265cd637571968ec100f7fe07c945752fe42e5,6000,4950,0,0.90891556,0.19266055,0.93333333,0.31939163,0.63333333,0.00041905,0.09455928,0.86203792,0.45279621,0.40924172
NaiveUniform,23,without_timing,composite,b058389b92f64591f63797fc15265cd637571968ec100f7fe07c945752fe42e5,6000,4950,0,1.00000000,1.00000000,1.00000000,1.00000000,1.00000000,1.00000000,1.00000000,,,
NaiveUniform,23,without_timing,Timing,b058389b92f64591f63797fc15265cd637571968ec100f7fe07c945752fe42e5,6000,4950,0,0.68666667,0.09090909,1.00000000,0.16666667,0.11777778,0.00000000,0.00000000,1.00000000,0.92710213,0.07289787
NaiveUniform,23,without_timing,Amount,b058389b92f64591f63797fc15265cd637571968ec100f7fe07c945752fe42e5,6000,4950,0,1.00000000,0.11111111,1.00000000,0.20000000,1.00000000,0.04347826,0.37574159,1.00000000,0.67000000,0.33000000
NaiveUniform,23,without_timing,Sequence,b058389b92f64591f63797fc15265cd637571968ec100f7fe07c945752fe42e5,6000,4950,0,0.91111111,0.36000000,1.00000000,0.52941176,0.34888889,0.45679012,0.77026959,1.00000000,0.17777778,0.82222222
NaiveUniform,23,without_timing,Destination,b058389b92f64591f63797fc15265cd637571968ec100f7fe07c945752fe42e5,6000,4950,0,1.00000000,1.00000000,1.00000000,1.00000000,1.00000000,1.00000000,1.00000000,1.00000000,0.00000000,1.00000000
NaiveUniform,23,without_timing,Synchrony,b058389b92f64591f63797fc15265cd637571968ec100f7fe07c945752fe42e5,6000,4950,0,1.00000000,1.00000000,1.00000000,1.00000000,1.00000000,1.00000000,1.00000000,1.00000000,0.00000000,1.00000000
NaiveUniform,23,without_timing,Funding,b058389b92f64591f63797fc15265cd637571968ec100f7fe07c945752fe42e5,6000,4950,0,1.00000000,1.00000000,1.00000000,1.00000000,1.00000000,1.00000000,1.00000000,1.00000000,0.00000000,1.00000000
NaiveUniform,23,without_timing,Route,b058389b92f64591f63797fc15265cd637571968ec100f7fe07c945752fe42e5,6000,4950,0,0.77777778,0.18367347,1.00000000,0.31034483,0.18444444,0.18518519,0.54866200,1.00000000,0.44444444,0.55555556
NaiveUniform,23,without_timing,BalanceRank,b058389b92f64591f63797fc15265cd637571968ec100f7fe07c945752fe42e5,6000,4950,0,0.90891556,0.19266055,0.93333333,0.31939163,0.63333333,0.00041905,0.09455928,0.86203792,0.45279621,0.40924172
NaiveUniform,23,without_amount,composite,b058389b92f64591f63797fc15265cd637571968ec100f7fe07c945752fe42e5,6000,4950,0,1.00000000,1.00000000,1.00000000,1.00000000,1.00000000,1.00000000,1.00000000,,,
NaiveUniform,23,without_amount,Timing,b058389b92f64591f63797fc15265cd637571968ec100f7fe07c945752fe42e5,6000,4950,0,0.68666667,0.09090909,1.00000000,0.16666667,0.11777778,0.00000000,0.00000000,1.00000000,0.92710213,0.07289787
NaiveUniform,23,without_amount,Amount,b058389b92f64591f63797fc15265cd637571968ec100f7fe07c945752fe42e5,6000,4950,0,1.00000000,0.11111111,1.00000000,0.20000000,1.00000000,0.04347826,0.37574159,1.00000000,0.67000000,0.33000000
NaiveUniform,23,without_amount,Sequence,b058389b92f64591f63797fc15265cd637571968ec100f7fe07c945752fe42e5,6000,4950,0,0.91111111,0.36000000,1.00000000,0.52941176,0.34888889,0.45679012,0.77026959,1.00000000,0.17777778,0.82222222
NaiveUniform,23,without_amount,Destination,b058389b92f64591f63797fc15265cd637571968ec100f7fe07c945752fe42e5,6000,4950,0,1.00000000,1.00000000,1.00000000,1.00000000,1.00000000,1.00000000,1.00000000,1.00000000,0.00000000,1.00000000
NaiveUniform,23,without_amount,Synchrony,b058389b92f64591f63797fc15265cd637571968ec100f7fe07c945752fe42e5,6000,4950,0,1.00000000,1.00000000,1.00000000,1.00000000,1.00000000,1.00000000,1.00000000,1.00000000,0.00000000,1.00000000
NaiveUniform,23,without_amount,Funding,b058389b92f64591f63797fc15265cd637571968ec100f7fe07c945752fe42e5,6000,4950,0,1.00000000,1.00000000,1.00000000,1.00000000,1.00000000,1.00000000,1.00000000,1.00000000,0.00000000,1.00000000
NaiveUniform,23,without_amount,Route,b058389b92f64591f63797fc15265cd637571968ec100f7fe07c945752fe42e5,6000,4950,0,0.77777778,0.18367347,1.00000000,0.31034483,0.18444444,0.18518519,0.54866200,1.00000000,0.44444444,0.55555556
NaiveUniform,23,without_amount,BalanceRank,b058389b92f64591f63797fc15265cd637571968ec100f7fe07c945752fe42e5,6000,4950,0,0.90891556,0.19266055,0.93333333,0.31939163,0.63333333,0.00041905,0.09455928,0.86203792,0.45279621,0.40924172
NaiveUniform,23,without_sequence,composite,b058389b92f64591f63797fc15265cd637571968ec100f7fe07c945752fe42e5,6000,4950,0,1.00000000,1.00000000,1.00000000,1.00000000,1.00000000,1.00000000,1.00000000,,,
NaiveUniform,23,without_sequence,Timing,b058389b92f64591f63797fc15265cd637571968ec100f7fe07c945752fe42e5,6000,4950,0,0.68666667,0.09090909,1.00000000,0.16666667,0.11777778,0.00000000,0.00000000,1.00000000,0.92710213,0.07289787
NaiveUniform,23,without_sequence,Amount,b058389b92f64591f63797fc15265cd637571968ec100f7fe07c945752fe42e5,6000,4950,0,1.00000000,0.11111111,1.00000000,0.20000000,1.00000000,0.04347826,0.37574159,1.00000000,0.67000000,0.33000000
NaiveUniform,23,without_sequence,Sequence,b058389b92f64591f63797fc15265cd637571968ec100f7fe07c945752fe42e5,6000,4950,0,0.91111111,0.36000000,1.00000000,0.52941176,0.34888889,0.45679012,0.77026959,1.00000000,0.17777778,0.82222222
NaiveUniform,23,without_sequence,Destination,b058389b92f64591f63797fc15265cd637571968ec100f7fe07c945752fe42e5,6000,4950,0,1.00000000,1.00000000,1.00000000,1.00000000,1.00000000,1.00000000,1.00000000,1.00000000,0.00000000,1.00000000
NaiveUniform,23,without_sequence,Synchrony,b058389b92f64591f63797fc15265cd637571968ec100f7fe07c945752fe42e5,6000,4950,0,1.00000000,1.00000000,1.00000000,1.00000000,1.00000000,1.00000000,1.00000000,1.00000000,0.00000000,1.00000000
NaiveUniform,23,without_sequence,Funding,b058389b92f64591f63797fc15265cd637571968ec100f7fe07c945752fe42e5,6000,4950,0,1.00000000,1.00000000,1.00000000,1.00000000,1.00000000,1.00000000,1.00000000,1.00000000,0.00000000,1.00000000
NaiveUniform,23,without_sequence,Route,b058389b92f64591f63797fc15265cd637571968ec100f7fe07c945752fe42e5,6000,4950,0,0.77777778,0.18367347,1.00000000,0.31034483,0.18444444,0.18518519,0.54866200,1.00000000,0.44444444,0.55555556
NaiveUniform,23,without_sequence,BalanceRank,b058389b92f64591f63797fc15265cd637571968ec100f7fe07c945752fe42e5,6000,4950,0,0.90891556,0.19266055,0.93333333,0.31939163,0.63333333,0.00041905,0.09455928,0.86203792,0.45279621,0.40924172
NaiveUniform,23,without_synchrony,composite,b058389b92f64591f63797fc15265cd637571968ec100f7fe07c945752fe42e5,6000,4950,0,1.00000000,0.42857143,1.00000000,0.60000000,1.00000000,0.54166667,0.82234155,,,
NaiveUniform,23,without_synchrony,Timing,b058389b92f64591f63797fc15265cd637571968ec100f7fe07c945752fe42e5,6000,4950,0,0.68666667,0.09090909,1.00000000,0.16666667,0.11777778,0.00000000,0.00000000,1.00000000,0.92710213,0.07289787
NaiveUniform,23,without_synchrony,Amount,b058389b92f64591f63797fc15265cd637571968ec100f7fe07c945752fe42e5,6000,4950,0,1.00000000,0.11111111,1.00000000,0.20000000,1.00000000,0.04347826,0.37574159,1.00000000,0.67000000,0.33000000
NaiveUniform,23,without_synchrony,Sequence,b058389b92f64591f63797fc15265cd637571968ec100f7fe07c945752fe42e5,6000,4950,0,0.91111111,0.36000000,1.00000000,0.52941176,0.34888889,0.45679012,0.77026959,1.00000000,0.17777778,0.82222222
NaiveUniform,23,without_synchrony,Destination,b058389b92f64591f63797fc15265cd637571968ec100f7fe07c945752fe42e5,6000,4950,0,1.00000000,1.00000000,1.00000000,1.00000000,1.00000000,1.00000000,1.00000000,1.00000000,0.00000000,1.00000000
NaiveUniform,23,without_synchrony,Synchrony,b058389b92f64591f63797fc15265cd637571968ec100f7fe07c945752fe42e5,6000,4950,0,1.00000000,1.00000000,1.00000000,1.00000000,1.00000000,1.00000000,1.00000000,1.00000000,0.00000000,1.00000000
NaiveUniform,23,without_synchrony,Funding,b058389b92f64591f63797fc15265cd637571968ec100f7fe07c945752fe42e5,6000,4950,0,1.00000000,1.00000000,1.00000000,1.00000000,1.00000000,1.00000000,1.00000000,1.00000000,0.00000000,1.00000000
NaiveUniform,23,without_synchrony,Route,b058389b92f64591f63797fc15265cd637571968ec100f7fe07c945752fe42e5,6000,4950,0,0.77777778,0.18367347,1.00000000,0.31034483,0.18444444,0.18518519,0.54866200,1.00000000,0.44444444,0.55555556
NaiveUniform,23,without_synchrony,BalanceRank,b058389b92f64591f63797fc15265cd637571968ec100f7fe07c945752fe42e5,6000,4950,0,0.90891556,0.19266055,0.93333333,0.31939163,0.63333333,0.00041905,0.09455928,0.86203792,0.45279621,0.40924172
NaiveUniform,23,without_funding,composite,b058389b92f64591f63797fc15265cd637571968ec100f7fe07c945752fe42e5,6000,4950,0,1.00000000,0.42857143,1.00000000,0.60000000,1.00000000,0.54166667,0.82234155,,,
NaiveUniform,23,without_funding,Timing,b058389b92f64591f63797fc15265cd637571968ec100f7fe07c945752fe42e5,6000,4950,0,0.68666667,0.09090909,1.00000000,0.16666667,0.11777778,0.00000000,0.00000000,1.00000000,0.92710213,0.07289787
NaiveUniform,23,without_funding,Amount,b058389b92f64591f63797fc15265cd637571968ec100f7fe07c945752fe42e5,6000,4950,0,1.00000000,0.11111111,1.00000000,0.20000000,1.00000000,0.04347826,0.37574159,1.00000000,0.67000000,0.33000000
NaiveUniform,23,without_funding,Sequence,b058389b92f64591f63797fc15265cd637571968ec100f7fe07c945752fe42e5,6000,4950,0,0.91111111,0.36000000,1.00000000,0.52941176,0.34888889,0.45679012,0.77026959,1.00000000,0.17777778,0.82222222
NaiveUniform,23,without_funding,Destination,b058389b92f64591f63797fc15265cd637571968ec100f7fe07c945752fe42e5,6000,4950,0,1.00000000,1.00000000,1.00000000,1.00000000,1.00000000,1.00000000,1.00000000,1.00000000,0.00000000,1.00000000
NaiveUniform,23,without_funding,Synchrony,b058389b92f64591f63797fc15265cd637571968ec100f7fe07c945752fe42e5,6000,4950,0,1.00000000,1.00000000,1.00000000,1.00000000,1.00000000,1.00000000,1.00000000,1.00000000,0.00000000,1.00000000
NaiveUniform,23,without_funding,Funding,b058389b92f64591f63797fc15265cd637571968ec100f7fe07c945752fe42e5,6000,4950,0,1.00000000,1.00000000,1.00000000,1.00000000,1.00000000,1.00000000,1.00000000,1.00000000,0.00000000,1.00000000
NaiveUniform,23,without_funding,Route,b058389b92f64591f63797fc15265cd637571968ec100f7fe07c945752fe42e5,6000,4950,0,0.77777778,0.18367347,1.00000000,0.31034483,0.18444444,0.18518519,0.54866200,1.00000000,0.44444444,0.55555556
NaiveUniform,23,without_funding,BalanceRank,b058389b92f64591f63797fc15265cd637571968ec100f7fe07c945752fe42e5,6000,4950,0,0.90891556,0.19266055,0.93333333,0.31939163,0.63333333,0.00041905,0.09455928,0.86203792,0.45279621,0.40924172
NaiveUniform,37,none,composite,a7eb77a71941cf4fb573b17aeec936ae43fc52ab8369be6ae117342ebad695f4,6000,4950,0,1.00000000,0.70312500,1.00000000,0.82568807,1.00000000,0.71794872,0.90519722,,,
NaiveUniform,37,none,Timing,a7eb77a71941cf4fb573b17aeec936ae43fc52ab8369be6ae117342ebad695f4,6000,4950,0,0.68666667,0.09090909,1.00000000,0.16666667,0.11777778,0.00000000,0.00000000,1.00000000,0.92710213,0.07289787
NaiveUniform,37,none,Amount,a7eb77a71941cf4fb573b17aeec936ae43fc52ab8369be6ae117342ebad695f4,6000,4950,0,1.00000000,0.11111111,1.00000000,0.20000000,1.00000000,0.04347826,0.37574159,1.00000000,0.67000000,0.33000000
NaiveUniform,37,none,Sequence,a7eb77a71941cf4fb573b17aeec936ae43fc52ab8369be6ae117342ebad695f4,6000,4950,0,0.91111111,0.36000000,1.00000000,0.52941176,0.34888889,0.45679012,0.77026959,1.00000000,0.17777778,0.82222222
NaiveUniform,37,none,Destination,a7eb77a71941cf4fb573b17aeec936ae43fc52ab8369be6ae117342ebad695f4,6000,4950,0,1.00000000,1.00000000,1.00000000,1.00000000,1.00000000,1.00000000,1.00000000,1.00000000,0.00000000,1.00000000
NaiveUniform,37,none,Synchrony,a7eb77a71941cf4fb573b17aeec936ae43fc52ab8369be6ae117342ebad695f4,6000,4950,0,1.00000000,1.00000000,1.00000000,1.00000000,1.00000000,1.00000000,1.00000000,1.00000000,0.00000000,1.00000000
NaiveUniform,37,none,Funding,a7eb77a71941cf4fb573b17aeec936ae43fc52ab8369be6ae117342ebad695f4,6000,4950,0,1.00000000,1.00000000,1.00000000,1.00000000,1.00000000,1.00000000,1.00000000,1.00000000,0.00000000,1.00000000
NaiveUniform,37,none,Route,a7eb77a71941cf4fb573b17aeec936ae43fc52ab8369be6ae117342ebad695f4,6000,4950,0,0.77777778,0.18367347,1.00000000,0.31034483,0.18444444,0.18518519,0.54866200,1.00000000,0.44444444,0.55555556
NaiveUniform,37,none,BalanceRank,a7eb77a71941cf4fb573b17aeec936ae43fc52ab8369be6ae117342ebad695f4,6000,4950,0,0.90891556,0.19266055,0.93333333,0.31939163,0.63333333,0.00041905,0.09455928,0.86203792,0.45279621,0.40924172
NaiveUniform,37,without_timing,composite,a7eb77a71941cf4fb573b17aeec936ae43fc52ab8369be6ae117342ebad695f4,6000,4950,0,1.00000000,1.00000000,1.00000000,1.00000000,1.00000000,1.00000000,1.00000000,,,
NaiveUniform,37,without_timing,Timing,a7eb77a71941cf4fb573b17aeec936ae43fc52ab8369be6ae117342ebad695f4,6000,4950,0,0.68666667,0.09090909,1.00000000,0.16666667,0.11777778,0.00000000,0.00000000,1.00000000,0.92710213,0.07289787
NaiveUniform,37,without_timing,Amount,a7eb77a71941cf4fb573b17aeec936ae43fc52ab8369be6ae117342ebad695f4,6000,4950,0,1.00000000,0.11111111,1.00000000,0.20000000,1.00000000,0.04347826,0.37574159,1.00000000,0.67000000,0.33000000
NaiveUniform,37,without_timing,Sequence,a7eb77a71941cf4fb573b17aeec936ae43fc52ab8369be6ae117342ebad695f4,6000,4950,0,0.91111111,0.36000000,1.00000000,0.52941176,0.34888889,0.45679012,0.77026959,1.00000000,0.17777778,0.82222222
NaiveUniform,37,without_timing,Destination,a7eb77a71941cf4fb573b17aeec936ae43fc52ab8369be6ae117342ebad695f4,6000,4950,0,1.00000000,1.00000000,1.00000000,1.00000000,1.00000000,1.00000000,1.00000000,1.00000000,0.00000000,1.00000000
NaiveUniform,37,without_timing,Synchrony,a7eb77a71941cf4fb573b17aeec936ae43fc52ab8369be6ae117342ebad695f4,6000,4950,0,1.00000000,1.00000000,1.00000000,1.00000000,1.00000000,1.00000000,1.00000000,1.00000000,0.00000000,1.00000000
NaiveUniform,37,without_timing,Funding,a7eb77a71941cf4fb573b17aeec936ae43fc52ab8369be6ae117342ebad695f4,6000,4950,0,1.00000000,1.00000000,1.00000000,1.00000000,1.00000000,1.00000000,1.00000000,1.00000000,0.00000000,1.00000000
NaiveUniform,37,without_timing,Route,a7eb77a71941cf4fb573b17aeec936ae43fc52ab8369be6ae117342ebad695f4,6000,4950,0,0.77777778,0.18367347,1.00000000,0.31034483,0.18444444,0.18518519,0.54866200,1.00000000,0.44444444,0.55555556
NaiveUniform,37,without_timing,BalanceRank,a7eb77a71941cf4fb573b17aeec936ae43fc52ab8369be6ae117342ebad695f4,6000,4950,0,0.90891556,0.19266055,0.93333333,0.31939163,0.63333333,0.00041905,0.09455928,0.86203792,0.45279621,0.40924172
NaiveUniform,37,without_amount,composite,a7eb77a71941cf4fb573b17aeec936ae43fc52ab8369be6ae117342ebad695f4,6000,4950,0,1.00000000,1.00000000,1.00000000,1.00000000,1.00000000,1.00000000,1.00000000,,,
NaiveUniform,37,without_amount,Timing,a7eb77a71941cf4fb573b17aeec936ae43fc52ab8369be6ae117342ebad695f4,6000,4950,0,0.68666667,0.09090909,1.00000000,0.16666667,0.11777778,0.00000000,0.00000000,1.00000000,0.92710213,0.07289787
NaiveUniform,37,without_amount,Amount,a7eb77a71941cf4fb573b17aeec936ae43fc52ab8369be6ae117342ebad695f4,6000,4950,0,1.00000000,0.11111111,1.00000000,0.20000000,1.00000000,0.04347826,0.37574159,1.00000000,0.67000000,0.33000000
NaiveUniform,37,without_amount,Sequence,a7eb77a71941cf4fb573b17aeec936ae43fc52ab8369be6ae117342ebad695f4,6000,4950,0,0.91111111,0.36000000,1.00000000,0.52941176,0.34888889,0.45679012,0.77026959,1.00000000,0.17777778,0.82222222
NaiveUniform,37,without_amount,Destination,a7eb77a71941cf4fb573b17aeec936ae43fc52ab8369be6ae117342ebad695f4,6000,4950,0,1.00000000,1.00000000,1.00000000,1.00000000,1.00000000,1.00000000,1.00000000,1.00000000,0.00000000,1.00000000
NaiveUniform,37,without_amount,Synchrony,a7eb77a71941cf4fb573b17aeec936ae43fc52ab8369be6ae117342ebad695f4,6000,4950,0,1.00000000,1.00000000,1.00000000,1.00000000,1.00000000,1.00000000,1.00000000,1.00000000,0.00000000,1.00000000
NaiveUniform,37,without_amount,Funding,a7eb77a71941cf4fb573b17aeec936ae43fc52ab8369be6ae117342ebad695f4,6000,4950,0,1.00000000,1.00000000,1.00000000,1.00000000,1.00000000,1.00000000,1.00000000,1.00000000,0.00000000,1.00000000
NaiveUniform,37,without_amount,Route,a7eb77a71941cf4fb573b17aeec936ae43fc52ab8369be6ae117342ebad695f4,6000,4950,0,0.77777778,0.18367347,1.00000000,0.31034483,0.18444444,0.18518519,0.54866200,1.00000000,0.44444444,0.55555556
NaiveUniform,37,without_amount,BalanceRank,a7eb77a71941cf4fb573b17aeec936ae43fc52ab8369be6ae117342ebad695f4,6000,4950,0,0.90891556,0.19266055,0.93333333,0.31939163,0.63333333,0.00041905,0.09455928,0.86203792,0.45279621,0.40924172
NaiveUniform,37,without_sequence,composite,a7eb77a71941cf4fb573b17aeec936ae43fc52ab8369be6ae117342ebad695f4,6000,4950,0,1.00000000,1.00000000,1.00000000,1.00000000,1.00000000,1.00000000,1.00000000,,,
NaiveUniform,37,without_sequence,Timing,a7eb77a71941cf4fb573b17aeec936ae43fc52ab8369be6ae117342ebad695f4,6000,4950,0,0.68666667,0.09090909,1.00000000,0.16666667,0.11777778,0.00000000,0.00000000,1.00000000,0.92710213,0.07289787
NaiveUniform,37,without_sequence,Amount,a7eb77a71941cf4fb573b17aeec936ae43fc52ab8369be6ae117342ebad695f4,6000,4950,0,1.00000000,0.11111111,1.00000000,0.20000000,1.00000000,0.04347826,0.37574159,1.00000000,0.67000000,0.33000000
NaiveUniform,37,without_sequence,Sequence,a7eb77a71941cf4fb573b17aeec936ae43fc52ab8369be6ae117342ebad695f4,6000,4950,0,0.91111111,0.36000000,1.00000000,0.52941176,0.34888889,0.45679012,0.77026959,1.00000000,0.17777778,0.82222222
NaiveUniform,37,without_sequence,Destination,a7eb77a71941cf4fb573b17aeec936ae43fc52ab8369be6ae117342ebad695f4,6000,4950,0,1.00000000,1.00000000,1.00000000,1.00000000,1.00000000,1.00000000,1.00000000,1.00000000,0.00000000,1.00000000
NaiveUniform,37,without_sequence,Synchrony,a7eb77a71941cf4fb573b17aeec936ae43fc52ab8369be6ae117342ebad695f4,6000,4950,0,1.00000000,1.00000000,1.00000000,1.00000000,1.00000000,1.00000000,1.00000000,1.00000000,0.00000000,1.00000000
NaiveUniform,37,without_sequence,Funding,a7eb77a71941cf4fb573b17aeec936ae43fc52ab8369be6ae117342ebad695f4,6000,4950,0,1.00000000,1.00000000,1.00000000,1.00000000,1.00000000,1.00000000,1.00000000,1.00000000,0.00000000,1.00000000
NaiveUniform,37,without_sequence,Route,a7eb77a71941cf4fb573b17aeec936ae43fc52ab8369be6ae117342ebad695f4,6000,4950,0,0.77777778,0.18367347,1.00000000,0.31034483,0.18444444,0.18518519,0.54866200,1.00000000,0.44444444,0.55555556
NaiveUniform,37,without_sequence,BalanceRank,a7eb77a71941cf4fb573b17aeec936ae43fc52ab8369be6ae117342ebad695f4,6000,4950,0,0.90891556,0.19266055,0.93333333,0.31939163,0.63333333,0.00041905,0.09455928,0.86203792,0.45279621,0.40924172
NaiveUniform,37,without_synchrony,composite,a7eb77a71941cf4fb573b17aeec936ae43fc52ab8369be6ae117342ebad695f4,6000,4950,0,1.00000000,0.42857143,1.00000000,0.60000000,1.00000000,0.54166667,0.82234155,,,
NaiveUniform,37,without_synchrony,Timing,a7eb77a71941cf4fb573b17aeec936ae43fc52ab8369be6ae117342ebad695f4,6000,4950,0,0.68666667,0.09090909,1.00000000,0.16666667,0.11777778,0.00000000,0.00000000,1.00000000,0.92710213,0.07289787
NaiveUniform,37,without_synchrony,Amount,a7eb77a71941cf4fb573b17aeec936ae43fc52ab8369be6ae117342ebad695f4,6000,4950,0,1.00000000,0.11111111,1.00000000,0.20000000,1.00000000,0.04347826,0.37574159,1.00000000,0.67000000,0.33000000
NaiveUniform,37,without_synchrony,Sequence,a7eb77a71941cf4fb573b17aeec936ae43fc52ab8369be6ae117342ebad695f4,6000,4950,0,0.91111111,0.36000000,1.00000000,0.52941176,0.34888889,0.45679012,0.77026959,1.00000000,0.17777778,0.82222222
NaiveUniform,37,without_synchrony,Destination,a7eb77a71941cf4fb573b17aeec936ae43fc52ab8369be6ae117342ebad695f4,6000,4950,0,1.00000000,1.00000000,1.00000000,1.00000000,1.00000000,1.00000000,1.00000000,1.00000000,0.00000000,1.00000000
NaiveUniform,37,without_synchrony,Synchrony,a7eb77a71941cf4fb573b17aeec936ae43fc52ab8369be6ae117342ebad695f4,6000,4950,0,1.00000000,1.00000000,1.00000000,1.00000000,1.00000000,1.00000000,1.00000000,1.00000000,0.00000000,1.00000000
NaiveUniform,37,without_synchrony,Funding,a7eb77a71941cf4fb573b17aeec936ae43fc52ab8369be6ae117342ebad695f4,6000,4950,0,1.00000000,1.00000000,1.00000000,1.00000000,1.00000000,1.00000000,1.00000000,1.00000000,0.00000000,1.00000000
NaiveUniform,37,without_synchrony,Route,a7eb77a71941cf4fb573b17aeec936ae43fc52ab8369be6ae117342ebad695f4,6000,4950,0,0.77777778,0.18367347,1.00000000,0.31034483,0.18444444,0.18518519,0.54866200,1.00000000,0.44444444,0.55555556
NaiveUniform,37,without_synchrony,BalanceRank,a7eb77a71941cf4fb573b17aeec936ae43fc52ab8369be6ae117342ebad695f4,6000,4950,0,0.90891556,0.19266055,0.93333333,0.31939163,0.63333333,0.00041905,0.09455928,0.86203792,0.45279621,0.40924172
NaiveUniform,37,without_funding,composite,a7eb77a71941cf4fb573b17aeec936ae43fc52ab8369be6ae117342ebad695f4,6000,4950,0,1.00000000,0.42857143,1.00000000,0.60000000,1.00000000,0.54166667,0.82234155,,,
NaiveUniform,37,without_funding,Timing,a7eb77a71941cf4fb573b17aeec936ae43fc52ab8369be6ae117342ebad695f4,6000,4950,0,0.68666667,0.09090909,1.00000000,0.16666667,0.11777778,0.00000000,0.00000000,1.00000000,0.92710213,0.07289787
NaiveUniform,37,without_funding,Amount,a7eb77a71941cf4fb573b17aeec936ae43fc52ab8369be6ae117342ebad695f4,6000,4950,0,1.00000000,0.11111111,1.00000000,0.20000000,1.00000000,0.04347826,0.37574159,1.00000000,0.67000000,0.33000000
NaiveUniform,37,without_funding,Sequence,a7eb77a71941cf4fb573b17aeec936ae43fc52ab8369be6ae117342ebad695f4,6000,4950,0,0.91111111,0.36000000,1.00000000,0.52941176,0.34888889,0.45679012,0.77026959,1.00000000,0.17777778,0.82222222
NaiveUniform,37,without_funding,Destination,a7eb77a71941cf4fb573b17aeec936ae43fc52ab8369be6ae117342ebad695f4,6000,4950,0,1.00000000,1.00000000,1.00000000,1.00000000,1.00000000,1.00000000,1.00000000,1.00000000,0.00000000,1.00000000
NaiveUniform,37,without_funding,Synchrony,a7eb77a71941cf4fb573b17aeec936ae43fc52ab8369be6ae117342ebad695f4,6000,4950,0,1.00000000,1.00000000,1.00000000,1.00000000,1.00000000,1.00000000,1.00000000,1.00000000,0.00000000,1.00000000
NaiveUniform,37,without_funding,Funding,a7eb77a71941cf4fb573b17aeec936ae43fc52ab8369be6ae117342ebad695f4,6000,4950,0,1.00000000,1.00000000,1.00000000,1.00000000,1.00000000,1.00000000,1.00000000,1.00000000,0.00000000,1.00000000
NaiveUniform,37,without_funding,Route,a7eb77a71941cf4fb573b17aeec936ae43fc52ab8369be6ae117342ebad695f4,6000,4950,0,0.77777778,0.18367347,1.00000000,0.31034483,0.18444444,0.18518519,0.54866200,1.00000000,0.44444444,0.55555556
NaiveUniform,37,without_funding,BalanceRank,a7eb77a71941cf4fb573b17aeec936ae43fc52ab8369be6ae117342ebad695f4,6000,4950,0,0.90891556,0.19266055,0.93333333,0.31939163,0.63333333,0.00041905,0.09455928,0.86203792,0.45279621,0.40924172
NaiveUniform,51,none,composite,2057498b1a6e502edd8da3cea92c92997616bdefda92be7a811b57ce443abd61,6000,4950,0,1.00000000,0.70312500,1.00000000,0.82568807,1.00000000,0.71794872,0.90519722,,,
NaiveUniform,51,none,Timing,2057498b1a6e502edd8da3cea92c92997616bdefda92be7a811b57ce443abd61,6000,4950,0,0.68666667,0.09090909,1.00000000,0.16666667,0.11777778,0.00000000,0.00000000,1.00000000,0.92710213,0.07289787
NaiveUniform,51,none,Amount,2057498b1a6e502edd8da3cea92c92997616bdefda92be7a811b57ce443abd61,6000,4950,0,1.00000000,0.11111111,1.00000000,0.20000000,1.00000000,0.04347826,0.37574159,1.00000000,0.67000000,0.33000000
NaiveUniform,51,none,Sequence,2057498b1a6e502edd8da3cea92c92997616bdefda92be7a811b57ce443abd61,6000,4950,0,0.91111111,0.36000000,1.00000000,0.52941176,0.34888889,0.45679012,0.77026959,1.00000000,0.17777778,0.82222222
NaiveUniform,51,none,Destination,2057498b1a6e502edd8da3cea92c92997616bdefda92be7a811b57ce443abd61,6000,4950,0,1.00000000,1.00000000,1.00000000,1.00000000,1.00000000,1.00000000,1.00000000,1.00000000,0.00000000,1.00000000
NaiveUniform,51,none,Synchrony,2057498b1a6e502edd8da3cea92c92997616bdefda92be7a811b57ce443abd61,6000,4950,0,1.00000000,1.00000000,1.00000000,1.00000000,1.00000000,1.00000000,1.00000000,1.00000000,0.00000000,1.00000000
NaiveUniform,51,none,Funding,2057498b1a6e502edd8da3cea92c92997616bdefda92be7a811b57ce443abd61,6000,4950,0,1.00000000,1.00000000,1.00000000,1.00000000,1.00000000,1.00000000,1.00000000,1.00000000,0.00000000,1.00000000
NaiveUniform,51,none,Route,2057498b1a6e502edd8da3cea92c92997616bdefda92be7a811b57ce443abd61,6000,4950,0,0.77777778,0.18367347,1.00000000,0.31034483,0.18444444,0.18518519,0.54866200,1.00000000,0.44444444,0.55555556
NaiveUniform,51,none,BalanceRank,2057498b1a6e502edd8da3cea92c92997616bdefda92be7a811b57ce443abd61,6000,4950,0,0.90891556,0.19266055,0.93333333,0.31939163,0.63333333,0.00041905,0.09455928,0.86203792,0.45279621,0.40924172
NaiveUniform,51,without_timing,composite,2057498b1a6e502edd8da3cea92c92997616bdefda92be7a811b57ce443abd61,6000,4950,0,1.00000000,1.00000000,1.00000000,1.00000000,1.00000000,1.00000000,1.00000000,,,
NaiveUniform,51,without_timing,Timing,2057498b1a6e502edd8da3cea92c92997616bdefda92be7a811b57ce443abd61,6000,4950,0,0.68666667,0.09090909,1.00000000,0.16666667,0.11777778,0.00000000,0.00000000,1.00000000,0.92710213,0.07289787
NaiveUniform,51,without_timing,Amount,2057498b1a6e502edd8da3cea92c92997616bdefda92be7a811b57ce443abd61,6000,4950,0,1.00000000,0.11111111,1.00000000,0.20000000,1.00000000,0.04347826,0.37574159,1.00000000,0.67000000,0.33000000
NaiveUniform,51,without_timing,Sequence,2057498b1a6e502edd8da3cea92c92997616bdefda92be7a811b57ce443abd61,6000,4950,0,0.91111111,0.36000000,1.00000000,0.52941176,0.34888889,0.45679012,0.77026959,1.00000000,0.17777778,0.82222222
NaiveUniform,51,without_timing,Destination,2057498b1a6e502edd8da3cea92c92997616bdefda92be7a811b57ce443abd61,6000,4950,0,1.00000000,1.00000000,1.00000000,1.00000000,1.00000000,1.00000000,1.00000000,1.00000000,0.00000000,1.00000000
NaiveUniform,51,without_timing,Synchrony,2057498b1a6e502edd8da3cea92c92997616bdefda92be7a811b57ce443abd61,6000,4950,0,1.00000000,1.00000000,1.00000000,1.00000000,1.00000000,1.00000000,1.00000000,1.00000000,0.00000000,1.00000000
NaiveUniform,51,without_timing,Funding,2057498b1a6e502edd8da3cea92c92997616bdefda92be7a811b57ce443abd61,6000,4950,0,1.00000000,1.00000000,1.00000000,1.00000000,1.00000000,1.00000000,1.00000000,1.00000000,0.00000000,1.00000000
NaiveUniform,51,without_timing,Route,2057498b1a6e502edd8da3cea92c92997616bdefda92be7a811b57ce443abd61,6000,4950,0,0.77777778,0.18367347,1.00000000,0.31034483,0.18444444,0.18518519,0.54866200,1.00000000,0.44444444,0.55555556
NaiveUniform,51,without_timing,BalanceRank,2057498b1a6e502edd8da3cea92c92997616bdefda92be7a811b57ce443abd61,6000,4950,0,0.90891556,0.19266055,0.93333333,0.31939163,0.63333333,0.00041905,0.09455928,0.86203792,0.45279621,0.40924172
NaiveUniform,51,without_amount,composite,2057498b1a6e502edd8da3cea92c92997616bdefda92be7a811b57ce443abd61,6000,4950,0,1.00000000,1.00000000,1.00000000,1.00000000,1.00000000,1.00000000,1.00000000,,,
NaiveUniform,51,without_amount,Timing,2057498b1a6e502edd8da3cea92c92997616bdefda92be7a811b57ce443abd61,6000,4950,0,0.68666667,0.09090909,1.00000000,0.16666667,0.11777778,0.00000000,0.00000000,1.00000000,0.92710213,0.07289787
NaiveUniform,51,without_amount,Amount,2057498b1a6e502edd8da3cea92c92997616bdefda92be7a811b57ce443abd61,6000,4950,0,1.00000000,0.11111111,1.00000000,0.20000000,1.00000000,0.04347826,0.37574159,1.00000000,0.67000000,0.33000000
NaiveUniform,51,without_amount,Sequence,2057498b1a6e502edd8da3cea92c92997616bdefda92be7a811b57ce443abd61,6000,4950,0,0.91111111,0.36000000,1.00000000,0.52941176,0.34888889,0.45679012,0.77026959,1.00000000,0.17777778,0.82222222
NaiveUniform,51,without_amount,Destination,2057498b1a6e502edd8da3cea92c92997616bdefda92be7a811b57ce443abd61,6000,4950,0,1.00000000,1.00000000,1.00000000,1.00000000,1.00000000,1.00000000,1.00000000,1.00000000,0.00000000,1.00000000
NaiveUniform,51,without_amount,Synchrony,2057498b1a6e502edd8da3cea92c92997616bdefda92be7a811b57ce443abd61,6000,4950,0,1.00000000,1.00000000,1.00000000,1.00000000,1.00000000,1.00000000,1.00000000,1.00000000,0.00000000,1.00000000
NaiveUniform,51,without_amount,Funding,2057498b1a6e502edd8da3cea92c92997616bdefda92be7a811b57ce443abd61,6000,4950,0,1.00000000,1.00000000,1.00000000,1.00000000,1.00000000,1.00000000,1.00000000,1.00000000,0.00000000,1.00000000
NaiveUniform,51,without_amount,Route,2057498b1a6e502edd8da3cea92c92997616bdefda92be7a811b57ce443abd61,6000,4950,0,0.77777778,0.18367347,1.00000000,0.31034483,0.18444444,0.18518519,0.54866200,1.00000000,0.44444444,0.55555556
NaiveUniform,51,without_amount,BalanceRank,2057498b1a6e502edd8da3cea92c92997616bdefda92be7a811b57ce443abd61,6000,4950,0,0.90891556,0.19266055,0.93333333,0.31939163,0.63333333,0.00041905,0.09455928,0.86203792,0.45279621,0.40924172
NaiveUniform,51,without_sequence,composite,2057498b1a6e502edd8da3cea92c92997616bdefda92be7a811b57ce443abd61,6000,4950,0,1.00000000,1.00000000,1.00000000,1.00000000,1.00000000,1.00000000,1.00000000,,,
NaiveUniform,51,without_sequence,Timing,2057498b1a6e502edd8da3cea92c92997616bdefda92be7a811b57ce443abd61,6000,4950,0,0.68666667,0.09090909,1.00000000,0.16666667,0.11777778,0.00000000,0.00000000,1.00000000,0.92710213,0.07289787
NaiveUniform,51,without_sequence,Amount,2057498b1a6e502edd8da3cea92c92997616bdefda92be7a811b57ce443abd61,6000,4950,0,1.00000000,0.11111111,1.00000000,0.20000000,1.00000000,0.04347826,0.37574159,1.00000000,0.67000000,0.33000000
NaiveUniform,51,without_sequence,Sequence,2057498b1a6e502edd8da3cea92c92997616bdefda92be7a811b57ce443abd61,6000,4950,0,0.91111111,0.36000000,1.00000000,0.52941176,0.34888889,0.45679012,0.77026959,1.00000000,0.17777778,0.82222222
NaiveUniform,51,without_sequence,Destination,2057498b1a6e502edd8da3cea92c92997616bdefda92be7a811b57ce443abd61,6000,4950,0,1.00000000,1.00000000,1.00000000,1.00000000,1.00000000,1.00000000,1.00000000,1.00000000,0.00000000,1.00000000
NaiveUniform,51,without_sequence,Synchrony,2057498b1a6e502edd8da3cea92c92997616bdefda92be7a811b57ce443abd61,6000,4950,0,1.00000000,1.00000000,1.00000000,1.00000000,1.00000000,1.00000000,1.00000000,1.00000000,0.00000000,1.00000000
NaiveUniform,51,without_sequence,Funding,2057498b1a6e502edd8da3cea92c92997616bdefda92be7a811b57ce443abd61,6000,4950,0,1.00000000,1.00000000,1.00000000,1.00000000,1.00000000,1.00000000,1.00000000,1.00000000,0.00000000,1.00000000
NaiveUniform,51,without_sequence,Route,2057498b1a6e502edd8da3cea92c92997616bdefda92be7a811b57ce443abd61,6000,4950,0,0.77777778,0.18367347,1.00000000,0.31034483,0.18444444,0.18518519,0.54866200,1.00000000,0.44444444,0.55555556
NaiveUniform,51,without_sequence,BalanceRank,2057498b1a6e502edd8da3cea92c92997616bdefda92be7a811b57ce443abd61,6000,4950,0,0.90891556,0.19266055,0.93333333,0.31939163,0.63333333,0.00041905,0.09455928,0.86203792,0.45279621,0.40924172
NaiveUniform,51,without_synchrony,composite,2057498b1a6e502edd8da3cea92c92997616bdefda92be7a811b57ce443abd61,6000,4950,0,1.00000000,0.42857143,1.00000000,0.60000000,1.00000000,0.54166667,0.82234155,,,
NaiveUniform,51,without_synchrony,Timing,2057498b1a6e502edd8da3cea92c92997616bdefda92be7a811b57ce443abd61,6000,4950,0,0.68666667,0.09090909,1.00000000,0.16666667,0.11777778,0.00000000,0.00000000,1.00000000,0.92710213,0.07289787
NaiveUniform,51,without_synchrony,Amount,2057498b1a6e502edd8da3cea92c92997616bdefda92be7a811b57ce443abd61,6000,4950,0,1.00000000,0.11111111,1.00000000,0.20000000,1.00000000,0.04347826,0.37574159,1.00000000,0.67000000,0.33000000
NaiveUniform,51,without_synchrony,Sequence,2057498b1a6e502edd8da3cea92c92997616bdefda92be7a811b57ce443abd61,6000,4950,0,0.91111111,0.36000000,1.00000000,0.52941176,0.34888889,0.45679012,0.77026959,1.00000000,0.17777778,0.82222222
NaiveUniform,51,without_synchrony,Destination,2057498b1a6e502edd8da3cea92c92997616bdefda92be7a811b57ce443abd61,6000,4950,0,1.00000000,1.00000000,1.00000000,1.00000000,1.00000000,1.00000000,1.00000000,1.00000000,0.00000000,1.00000000
NaiveUniform,51,without_synchrony,Synchrony,2057498b1a6e502edd8da3cea92c92997616bdefda92be7a811b57ce443abd61,6000,4950,0,1.00000000,1.00000000,1.00000000,1.00000000,1.00000000,1.00000000,1.00000000,1.00000000,0.00000000,1.00000000
NaiveUniform,51,without_synchrony,Funding,2057498b1a6e502edd8da3cea92c92997616bdefda92be7a811b57ce443abd61,6000,4950,0,1.00000000,1.00000000,1.00000000,1.00000000,1.00000000,1.00000000,1.00000000,1.00000000,0.00000000,1.00000000
NaiveUniform,51,without_synchrony,Route,2057498b1a6e502edd8da3cea92c92997616bdefda92be7a811b57ce443abd61,6000,4950,0,0.77777778,0.18367347,1.00000000,0.31034483,0.18444444,0.18518519,0.54866200,1.00000000,0.44444444,0.55555556
NaiveUniform,51,without_synchrony,BalanceRank,2057498b1a6e502edd8da3cea92c92997616bdefda92be7a811b57ce443abd61,6000,4950,0,0.90891556,0.19266055,0.93333333,0.31939163,0.63333333,0.00041905,0.09455928,0.86203792,0.45279621,0.40924172
NaiveUniform,51,without_funding,composite,2057498b1a6e502edd8da3cea92c92997616bdefda92be7a811b57ce443abd61,6000,4950,0,1.00000000,0.42857143,1.00000000,0.60000000,1.00000000,0.54166667,0.82234155,,,
NaiveUniform,51,without_funding,Timing,2057498b1a6e502edd8da3cea92c92997616bdefda92be7a811b57ce443abd61,6000,4950,0,0.68666667,0.09090909,1.00000000,0.16666667,0.11777778,0.00000000,0.00000000,1.00000000,0.92710213,0.07289787
NaiveUniform,51,without_funding,Amount,2057498b1a6e502edd8da3cea92c92997616bdefda92be7a811b57ce443abd61,6000,4950,0,1.00000000,0.11111111,1.00000000,0.20000000,1.00000000,0.04347826,0.37574159,1.00000000,0.67000000,0.33000000
NaiveUniform,51,without_funding,Sequence,2057498b1a6e502edd8da3cea92c92997616bdefda92be7a811b57ce443abd61,6000,4950,0,0.91111111,0.36000000,1.00000000,0.52941176,0.34888889,0.45679012,0.77026959,1.00000000,0.17777778,0.82222222
NaiveUniform,51,without_funding,Destination,2057498b1a6e502edd8da3cea92c92997616bdefda92be7a811b57ce443abd61,6000,4950,0,1.00000000,1.00000000,1.00000000,1.00000000,1.00000000,1.00000000,1.00000000,1.00000000,0.00000000,1.00000000
NaiveUniform,51,without_funding,Synchrony,2057498b1a6e502edd8da3cea92c92997616bdefda92be7a811b57ce443abd61,6000,4950,0,1.00000000,1.00000000,1.00000000,1.00000000,1.00000000,1.00000000,1.00000000,1.00000000,0.00000000,1.00000000
NaiveUniform,51,without_funding,Funding,2057498b1a6e502edd8da3cea92c92997616bdefda92be7a811b57ce443abd61,6000,4950,0,1.00000000,1.00000000,1.00000000,1.00000000,1.00000000,1.00000000,1.00000000,1.00000000,0.00000000,1.00000000
NaiveUniform,51,without_funding,Route,2057498b1a6e502edd8da3cea92c92997616bdefda92be7a811b57ce443abd61,6000,4950,0,0.77777778,0.18367347,1.00000000,0.31034483,0.18444444,0.18518519,0.54866200,1.00000000,0.44444444,0.55555556
NaiveUniform,51,without_funding,BalanceRank,2057498b1a6e502edd8da3cea92c92997616bdefda92be7a811b57ce443abd61,6000,4950,0,0.90891556,0.19266055,0.93333333,0.31939163,0.63333333,0.00041905,0.09455928,0.86203792,0.45279621,0.40924172
NaiveUniform,71,none,composite,d2fd465de9909f966858999b22d715d6bc9f2e3066d5d0e26907f1914f0293e4,6000,4950,0,1.00000000,0.70312500,1.00000000,0.82568807,1.00000000,0.71794872,0.90519722,,,
NaiveUniform,71,none,Timing,d2fd465de9909f966858999b22d715d6bc9f2e3066d5d0e26907f1914f0293e4,6000,4950,0,0.68666667,0.09090909,1.00000000,0.16666667,0.11777778,0.00000000,0.00000000,1.00000000,0.92710213,0.07289787
NaiveUniform,71,none,Amount,d2fd465de9909f966858999b22d715d6bc9f2e3066d5d0e26907f1914f0293e4,6000,4950,0,1.00000000,0.11111111,1.00000000,0.20000000,1.00000000,0.04347826,0.37574159,1.00000000,0.67000000,0.33000000
NaiveUniform,71,none,Sequence,d2fd465de9909f966858999b22d715d6bc9f2e3066d5d0e26907f1914f0293e4,6000,4950,0,0.91111111,0.36000000,1.00000000,0.52941176,0.34888889,0.45679012,0.77026959,1.00000000,0.17777778,0.82222222
NaiveUniform,71,none,Destination,d2fd465de9909f966858999b22d715d6bc9f2e3066d5d0e26907f1914f0293e4,6000,4950,0,1.00000000,1.00000000,1.00000000,1.00000000,1.00000000,1.00000000,1.00000000,1.00000000,0.00000000,1.00000000
NaiveUniform,71,none,Synchrony,d2fd465de9909f966858999b22d715d6bc9f2e3066d5d0e26907f1914f0293e4,6000,4950,0,1.00000000,1.00000000,1.00000000,1.00000000,1.00000000,1.00000000,1.00000000,1.00000000,0.00000000,1.00000000
NaiveUniform,71,none,Funding,d2fd465de9909f966858999b22d715d6bc9f2e3066d5d0e26907f1914f0293e4,6000,4950,0,1.00000000,1.00000000,1.00000000,1.00000000,1.00000000,1.00000000,1.00000000,1.00000000,0.00000000,1.00000000
NaiveUniform,71,none,Route,d2fd465de9909f966858999b22d715d6bc9f2e3066d5d0e26907f1914f0293e4,6000,4950,0,0.77777778,0.18367347,1.00000000,0.31034483,0.18444444,0.18518519,0.54866200,1.00000000,0.44444444,0.55555556
NaiveUniform,71,none,BalanceRank,d2fd465de9909f966858999b22d715d6bc9f2e3066d5d0e26907f1914f0293e4,6000,4950,0,0.90891556,0.19266055,0.93333333,0.31939163,0.63333333,0.00041905,0.09455928,0.86203792,0.45279621,0.40924172
NaiveUniform,71,without_timing,composite,d2fd465de9909f966858999b22d715d6bc9f2e3066d5d0e26907f1914f0293e4,6000,4950,0,1.00000000,1.00000000,1.00000000,1.00000000,1.00000000,1.00000000,1.00000000,,,
NaiveUniform,71,without_timing,Timing,d2fd465de9909f966858999b22d715d6bc9f2e3066d5d0e26907f1914f0293e4,6000,4950,0,0.68666667,0.09090909,1.00000000,0.16666667,0.11777778,0.00000000,0.00000000,1.00000000,0.92710213,0.07289787
NaiveUniform,71,without_timing,Amount,d2fd465de9909f966858999b22d715d6bc9f2e3066d5d0e26907f1914f0293e4,6000,4950,0,1.00000000,0.11111111,1.00000000,0.20000000,1.00000000,0.04347826,0.37574159,1.00000000,0.67000000,0.33000000
NaiveUniform,71,without_timing,Sequence,d2fd465de9909f966858999b22d715d6bc9f2e3066d5d0e26907f1914f0293e4,6000,4950,0,0.91111111,0.36000000,1.00000000,0.52941176,0.34888889,0.45679012,0.77026959,1.00000000,0.17777778,0.82222222
NaiveUniform,71,without_timing,Destination,d2fd465de9909f966858999b22d715d6bc9f2e3066d5d0e26907f1914f0293e4,6000,4950,0,1.00000000,1.00000000,1.00000000,1.00000000,1.00000000,1.00000000,1.00000000,1.00000000,0.00000000,1.00000000
NaiveUniform,71,without_timing,Synchrony,d2fd465de9909f966858999b22d715d6bc9f2e3066d5d0e26907f1914f0293e4,6000,4950,0,1.00000000,1.00000000,1.00000000,1.00000000,1.00000000,1.00000000,1.00000000,1.00000000,0.00000000,1.00000000
NaiveUniform,71,without_timing,Funding,d2fd465de9909f966858999b22d715d6bc9f2e3066d5d0e26907f1914f0293e4,6000,4950,0,1.00000000,1.00000000,1.00000000,1.00000000,1.00000000,1.00000000,1.00000000,1.00000000,0.00000000,1.00000000
NaiveUniform,71,without_timing,Route,d2fd465de9909f966858999b22d715d6bc9f2e3066d5d0e26907f1914f0293e4,6000,4950,0,0.77777778,0.18367347,1.00000000,0.31034483,0.18444444,0.18518519,0.54866200,1.00000000,0.44444444,0.55555556
NaiveUniform,71,without_timing,BalanceRank,d2fd465de9909f966858999b22d715d6bc9f2e3066d5d0e26907f1914f0293e4,6000,4950,0,0.90891556,0.19266055,0.93333333,0.31939163,0.63333333,0.00041905,0.09455928,0.86203792,0.45279621,0.40924172
NaiveUniform,71,without_amount,composite,d2fd465de9909f966858999b22d715d6bc9f2e3066d5d0e26907f1914f0293e4,6000,4950,0,1.00000000,1.00000000,1.00000000,1.00000000,1.00000000,1.00000000,1.00000000,,,
NaiveUniform,71,without_amount,Timing,d2fd465de9909f966858999b22d715d6bc9f2e3066d5d0e26907f1914f0293e4,6000,4950,0,0.68666667,0.09090909,1.00000000,0.16666667,0.11777778,0.00000000,0.00000000,1.00000000,0.92710213,0.07289787
NaiveUniform,71,without_amount,Amount,d2fd465de9909f966858999b22d715d6bc9f2e3066d5d0e26907f1914f0293e4,6000,4950,0,1.00000000,0.11111111,1.00000000,0.20000000,1.00000000,0.04347826,0.37574159,1.00000000,0.67000000,0.33000000
NaiveUniform,71,without_amount,Sequence,d2fd465de9909f966858999b22d715d6bc9f2e3066d5d0e26907f1914f0293e4,6000,4950,0,0.91111111,0.36000000,1.00000000,0.52941176,0.34888889,0.45679012,0.77026959,1.00000000,0.17777778,0.82222222
NaiveUniform,71,without_amount,Destination,d2fd465de9909f966858999b22d715d6bc9f2e3066d5d0e26907f1914f0293e4,6000,4950,0,1.00000000,1.00000000,1.00000000,1.00000000,1.00000000,1.00000000,1.00000000,1.00000000,0.00000000,1.00000000
NaiveUniform,71,without_amount,Synchrony,d2fd465de9909f966858999b22d715d6bc9f2e3066d5d0e26907f1914f0293e4,6000,4950,0,1.00000000,1.00000000,1.00000000,1.00000000,1.00000000,1.00000000,1.00000000,1.00000000,0.00000000,1.00000000
NaiveUniform,71,without_amount,Funding,d2fd465de9909f966858999b22d715d6bc9f2e3066d5d0e26907f1914f0293e4,6000,4950,0,1.00000000,1.00000000,1.00000000,1.00000000,1.00000000,1.00000000,1.00000000,1.00000000,0.00000000,1.00000000
NaiveUniform,71,without_amount,Route,d2fd465de9909f966858999b22d715d6bc9f2e3066d5d0e26907f1914f0293e4,6000,4950,0,0.77777778,0.18367347,1.00000000,0.31034483,0.18444444,0.18518519,0.54866200,1.00000000,0.44444444,0.55555556
NaiveUniform,71,without_amount,BalanceRank,d2fd465de9909f966858999b22d715d6bc9f2e3066d5d0e26907f1914f0293e4,6000,4950,0,0.90891556,0.19266055,0.93333333,0.31939163,0.63333333,0.00041905,0.09455928,0.86203792,0.45279621,0.40924172
NaiveUniform,71,without_sequence,composite,d2fd465de9909f966858999b22d715d6bc9f2e3066d5d0e26907f1914f0293e4,6000,4950,0,1.00000000,1.00000000,1.00000000,1.00000000,1.00000000,1.00000000,1.00000000,,,
NaiveUniform,71,without_sequence,Timing,d2fd465de9909f966858999b22d715d6bc9f2e3066d5d0e26907f1914f0293e4,6000,4950,0,0.68666667,0.09090909,1.00000000,0.16666667,0.11777778,0.00000000,0.00000000,1.00000000,0.92710213,0.07289787
NaiveUniform,71,without_sequence,Amount,d2fd465de9909f966858999b22d715d6bc9f2e3066d5d0e26907f1914f0293e4,6000,4950,0,1.00000000,0.11111111,1.00000000,0.20000000,1.00000000,0.04347826,0.37574159,1.00000000,0.67000000,0.33000000
NaiveUniform,71,without_sequence,Sequence,d2fd465de9909f966858999b22d715d6bc9f2e3066d5d0e26907f1914f0293e4,6000,4950,0,0.91111111,0.36000000,1.00000000,0.52941176,0.34888889,0.45679012,0.77026959,1.00000000,0.17777778,0.82222222
NaiveUniform,71,without_sequence,Destination,d2fd465de9909f966858999b22d715d6bc9f2e3066d5d0e26907f1914f0293e4,6000,4950,0,1.00000000,1.00000000,1.00000000,1.00000000,1.00000000,1.00000000,1.00000000,1.00000000,0.00000000,1.00000000
NaiveUniform,71,without_sequence,Synchrony,d2fd465de9909f966858999b22d715d6bc9f2e3066d5d0e26907f1914f0293e4,6000,4950,0,1.00000000,1.00000000,1.00000000,1.00000000,1.00000000,1.00000000,1.00000000,1.00000000,0.00000000,1.00000000
NaiveUniform,71,without_sequence,Funding,d2fd465de9909f966858999b22d715d6bc9f2e3066d5d0e26907f1914f0293e4,6000,4950,0,1.00000000,1.00000000,1.00000000,1.00000000,1.00000000,1.00000000,1.00000000,1.00000000,0.00000000,1.00000000
NaiveUniform,71,without_sequence,Route,d2fd465de9909f966858999b22d715d6bc9f2e3066d5d0e26907f1914f0293e4,6000,4950,0,0.77777778,0.18367347,1.00000000,0.31034483,0.18444444,0.18518519,0.54866200,1.00000000,0.44444444,0.55555556
NaiveUniform,71,without_sequence,BalanceRank,d2fd465de9909f966858999b22d715d6bc9f2e3066d5d0e26907f1914f0293e4,6000,4950,0,0.90891556,0.19266055,0.93333333,0.31939163,0.63333333,0.00041905,0.09455928,0.86203792,0.45279621,0.40924172
NaiveUniform,71,without_synchrony,composite,d2fd465de9909f966858999b22d715d6bc9f2e3066d5d0e26907f1914f0293e4,6000,4950,0,1.00000000,0.42857143,1.00000000,0.60000000,1.00000000,0.54166667,0.82234155,,,
NaiveUniform,71,without_synchrony,Timing,d2fd465de9909f966858999b22d715d6bc9f2e3066d5d0e26907f1914f0293e4,6000,4950,0,0.68666667,0.09090909,1.00000000,0.16666667,0.11777778,0.00000000,0.00000000,1.00000000,0.92710213,0.07289787
NaiveUniform,71,without_synchrony,Amount,d2fd465de9909f966858999b22d715d6bc9f2e3066d5d0e26907f1914f0293e4,6000,4950,0,1.00000000,0.11111111,1.00000000,0.20000000,1.00000000,0.04347826,0.37574159,1.00000000,0.67000000,0.33000000
NaiveUniform,71,without_synchrony,Sequence,d2fd465de9909f966858999b22d715d6bc9f2e3066d5d0e26907f1914f0293e4,6000,4950,0,0.91111111,0.36000000,1.00000000,0.52941176,0.34888889,0.45679012,0.77026959,1.00000000,0.17777778,0.82222222
NaiveUniform,71,without_synchrony,Destination,d2fd465de9909f966858999b22d715d6bc9f2e3066d5d0e26907f1914f0293e4,6000,4950,0,1.00000000,1.00000000,1.00000000,1.00000000,1.00000000,1.00000000,1.00000000,1.00000000,0.00000000,1.00000000
NaiveUniform,71,without_synchrony,Synchrony,d2fd465de9909f966858999b22d715d6bc9f2e3066d5d0e26907f1914f0293e4,6000,4950,0,1.00000000,1.00000000,1.00000000,1.00000000,1.00000000,1.00000000,1.00000000,1.00000000,0.00000000,1.00000000
NaiveUniform,71,without_synchrony,Funding,d2fd465de9909f966858999b22d715d6bc9f2e3066d5d0e26907f1914f0293e4,6000,4950,0,1.00000000,1.00000000,1.00000000,1.00000000,1.00000000,1.00000000,1.00000000,1.00000000,0.00000000,1.00000000
NaiveUniform,71,without_synchrony,Route,d2fd465de9909f966858999b22d715d6bc9f2e3066d5d0e26907f1914f0293e4,6000,4950,0,0.77777778,0.18367347,1.00000000,0.31034483,0.18444444,0.18518519,0.54866200,1.00000000,0.44444444,0.55555556
NaiveUniform,71,without_synchrony,BalanceRank,d2fd465de9909f966858999b22d715d6bc9f2e3066d5d0e26907f1914f0293e4,6000,4950,0,0.90891556,0.19266055,0.93333333,0.31939163,0.63333333,0.00041905,0.09455928,0.86203792,0.45279621,0.40924172
NaiveUniform,71,without_funding,composite,d2fd465de9909f966858999b22d715d6bc9f2e3066d5d0e26907f1914f0293e4,6000,4950,0,1.00000000,0.42857143,1.00000000,0.60000000,1.00000000,0.54166667,0.82234155,,,
NaiveUniform,71,without_funding,Timing,d2fd465de9909f966858999b22d715d6bc9f2e3066d5d0e26907f1914f0293e4,6000,4950,0,0.68666667,0.09090909,1.00000000,0.16666667,0.11777778,0.00000000,0.00000000,1.00000000,0.92710213,0.07289787
NaiveUniform,71,without_funding,Amount,d2fd465de9909f966858999b22d715d6bc9f2e3066d5d0e26907f1914f0293e4,6000,4950,0,1.00000000,0.11111111,1.00000000,0.20000000,1.00000000,0.04347826,0.37574159,1.00000000,0.67000000,0.33000000
NaiveUniform,71,without_funding,Sequence,d2fd465de9909f966858999b22d715d6bc9f2e3066d5d0e26907f1914f0293e4,6000,4950,0,0.91111111,0.36000000,1.00000000,0.52941176,0.34888889,0.45679012,0.77026959,1.00000000,0.17777778,0.82222222
NaiveUniform,71,without_funding,Destination,d2fd465de9909f966858999b22d715d6bc9f2e3066d5d0e26907f1914f0293e4,6000,4950,0,1.00000000,1.00000000,1.00000000,1.00000000,1.00000000,1.00000000,1.00000000,1.00000000,0.00000000,1.00000000
NaiveUniform,71,without_funding,Synchrony,d2fd465de9909f966858999b22d715d6bc9f2e3066d5d0e26907f1914f0293e4,6000,4950,0,1.00000000,1.00000000,1.00000000,1.00000000,1.00000000,1.00000000,1.00000000,1.00000000,0.00000000,1.00000000
NaiveUniform,71,without_funding,Funding,d2fd465de9909f966858999b22d715d6bc9f2e3066d5d0e26907f1914f0293e4,6000,4950,0,1.00000000,1.00000000,1.00000000,1.00000000,1.00000000,1.00000000,1.00000000,1.00000000,0.00000000,1.00000000
NaiveUniform,71,without_funding,Route,d2fd465de9909f966858999b22d715d6bc9f2e3066d5d0e26907f1914f0293e4,6000,4950,0,0.77777778,0.18367347,1.00000000,0.31034483,0.18444444,0.18518519,0.54866200,1.00000000,0.44444444,0.55555556
NaiveUniform,71,without_funding,BalanceRank,d2fd465de9909f966858999b22d715d6bc9f2e3066d5d0e26907f1914f0293e4,6000,4950,0,0.90891556,0.19266055,0.93333333,0.31939163,0.63333333,0.00041905,0.09455928,0.86203792,0.45279621,0.40924172
IndependentWeighted,11,none,composite,bba06bcaf278bb02559ea97f487337d5dfdd77acae6741b8f24ff6ad48764687,6000,4950,0,1.00000000,0.10696458,1.00000000,0.19325746,1.00000000,0.00000000,0.00000000,,,
IndependentWeighted,11,none,Timing,bba06bcaf278bb02559ea97f487337d5dfdd77acae6741b8f24ff6ad48764687,6000,4950,0,0.49876049,0.09090909,1.00000000,0.16666667,0.09111111,0.00000000,0.00000000,0.80326593,0.80403741,-0.00077148
IndependentWeighted,11,none,Amount,bba06bcaf278bb02559ea97f487337d5dfdd77acae6741b8f24ff6ad48764687,6000,4950,0,0.48917235,0.09090909,1.00000000,0.16666667,0.09777778,0.00000000,0.00000000,0.75526898,0.75609747,-0.00082848
IndependentWeighted,11,none,Sequence,bba06bcaf278bb02559ea97f487337d5dfdd77acae6741b8f24ff6ad48764687,6000,4950,0,0.49756025,0.09090909,1.00000000,0.16666667,0.07333333,0.00000000,0.00000000,0.87960823,0.87938940,0.00021883
IndependentWeighted,11,none,Destination,bba06bcaf278bb02559ea97f487337d5dfdd77acae6741b8f24ff6ad48764687,6000,4950,0,0.48701802,0.09098278,0.99777778,0.16675952,0.09777778,0.00000000,0.00000000,0.73797646,0.74054891,-0.00257246
IndependentWeighted,11,none,Synchrony,bba06bcaf278bb02559ea97f487337d5dfdd77acae6741b8f24ff6ad48764687,6000,4950,0,0.50116840,0.00000000,0.00000000,0.00000000,0.11111111,0.00000000,0.70710678,0.00429630,0.00419630,0.00010000
IndependentWeighted,11,none,Funding,bba06bcaf278bb02559ea97f487337d5dfdd77acae6741b8f24ff6ad48764687,6000,4950,0,1.00000000,1.00000000,1.00000000,1.00000000,1.00000000,1.00000000,1.00000000,1.00000000,0.00000000,1.00000000
IndependentWeighted,11,none,Route,bba06bcaf278bb02559ea97f487337d5dfdd77acae6741b8f24ff6ad48764687,6000,4950,0,0.50000000,0.09090909,1.00000000,0.16666667,0.08666667,0.00000000,0.00000000,1.00000000,1.00000000,0.00000000
IndependentWeighted,11,none,BalanceRank,bba06bcaf278bb02559ea97f487337d5dfdd77acae6741b8f24ff6ad48764687,6000,4950,0,0.90891556,0.19266055,0.93333333,0.31939163,0.63333333,0.00041905,0.09455928,0.86203792,0.45279621,0.40924172
IndependentWeighted,11,without_timing,composite,bba06bcaf278bb02559ea97f487337d5dfdd77acae6741b8f24ff6ad48764687,6000,4950,0,1.00000000,0.43562439,1.00000000,0.60687795,1.00000000,0.00000000,0.00000000,,,
IndependentWeighted,11,without_timing,Timing,bba06bcaf278bb02559ea97f487337d5dfdd77acae6741b8f24ff6ad48764687,6000,4950,0,0.49876049,0.09090909,1.00000000,0.16666667,0.09111111,0.00000000,0.00000000,0.80326593,0.80403741,-0.00077148
IndependentWeighted,11,without_timing,Amount,bba06bcaf278bb02559ea97f487337d5dfdd77acae6741b8f24ff6ad48764687,6000,4950,0,0.48917235,0.09090909,1.00000000,0.16666667,0.09777778,0.00000000,0.00000000,0.75526898,0.75609747,-0.00082848
IndependentWeighted,11,without_timing,Sequence,bba06bcaf278bb02559ea97f487337d5dfdd77acae6741b8f24ff6ad48764687,6000,4950,0,0.49756025,0.09090909,1.00000000,0.16666667,0.07333333,0.00000000,0.00000000,0.87960823,0.87938940,0.00021883
IndependentWeighted,11,without_timing,Destination,bba06bcaf278bb02559ea97f487337d5dfdd77acae6741b8f24ff6ad48764687,6000,4950,0,0.48701802,0.09098278,0.99777778,0.16675952,0.09777778,0.00000000,0.00000000,0.73797646,0.74054891,-0.00257246
IndependentWeighted,11,without_timing,Synchrony,bba06bcaf278bb02559ea97f487337d5dfdd77acae6741b8f24ff6ad48764687,6000,4950,0,0.50116840,0.00000000,0.00000000,0.00000000,0.11111111,0.00000000,0.70710678,0.00429630,0.00419630,0.00010000
IndependentWeighted,11,without_timing,Funding,bba06bcaf278bb02559ea97f487337d5dfdd77acae6741b8f24ff6ad48764687,6000,4950,0,1.00000000,1.00000000,1.00000000,1.00000000,1.00000000,1.00000000,1.00000000,1.00000000,0.00000000,1.00000000
IndependentWeighted,11,without_timing,Route,bba06bcaf278bb02559ea97f487337d5dfdd77acae6741b8f24ff6ad48764687,6000,4950,0,0.50000000,0.09090909,1.00000000,0.16666667,0.08666667,0.00000000,0.00000000,1.00000000,1.00000000,0.00000000
IndependentWeighted,11,without_timing,BalanceRank,bba06bcaf278bb02559ea97f487337d5dfdd77acae6741b8f24ff6ad48764687,6000,4950,0,0.90891556,0.19266055,0.93333333,0.31939163,0.63333333,0.00041905,0.09455928,0.86203792,0.45279621,0.40924172
IndependentWeighted,11,without_amount,composite,bba06bcaf278bb02559ea97f487337d5dfdd77acae6741b8f24ff6ad48764687,6000,4950,0,1.00000000,0.22421525,1.00000000,0.36630037,1.00000000,0.00000000,0.00000000,,,
IndependentWeighted,11,without_amount,Timing,bba06bcaf278bb02559ea97f487337d5dfdd77acae6741b8f24ff6ad48764687,6000,4950,0,0.49876049,0.09090909,1.00000000,0.16666667,0.09111111,0.00000000,0.00000000,0.80326593,0.80403741,-0.00077148
IndependentWeighted,11,without_amount,Amount,bba06bcaf278bb02559ea97f487337d5dfdd77acae6741b8f24ff6ad48764687,6000,4950,0,0.48917235,0.09090909,1.00000000,0.16666667,0.09777778,0.00000000,0.00000000,0.75526898,0.75609747,-0.00082848
IndependentWeighted,11,without_amount,Sequence,bba06bcaf278bb02559ea97f487337d5dfdd77acae6741b8f24ff6ad48764687,6000,4950,0,0.49756025,0.09090909,1.00000000,0.16666667,0.07333333,0.00000000,0.00000000,0.87960823,0.87938940,0.00021883
IndependentWeighted,11,without_amount,Destination,bba06bcaf278bb02559ea97f487337d5dfdd77acae6741b8f24ff6ad48764687,6000,4950,0,0.48701802,0.09098278,0.99777778,0.16675952,0.09777778,0.00000000,0.00000000,0.73797646,0.74054891,-0.00257246
IndependentWeighted,11,without_amount,Synchrony,bba06bcaf278bb02559ea97f487337d5dfdd77acae6741b8f24ff6ad48764687,6000,4950,0,0.50116840,0.00000000,0.00000000,0.00000000,0.11111111,0.00000000,0.70710678,0.00429630,0.00419630,0.00010000
IndependentWeighted,11,without_amount,Funding,bba06bcaf278bb02559ea97f487337d5dfdd77acae6741b8f24ff6ad48764687,6000,4950,0,1.00000000,1.00000000,1.00000000,1.00000000,1.00000000,1.00000000,1.00000000,1.00000000,0.00000000,1.00000000
IndependentWeighted,11,without_amount,Route,bba06bcaf278bb02559ea97f487337d5dfdd77acae6741b8f24ff6ad48764687,6000,4950,0,0.50000000,0.09090909,1.00000000,0.16666667,0.08666667,0.00000000,0.00000000,1.00000000,1.00000000,0.00000000
IndependentWeighted,11,without_amount,BalanceRank,bba06bcaf278bb02559ea97f487337d5dfdd77acae6741b8f24ff6ad48764687,6000,4950,0,0.90891556,0.19266055,0.93333333,0.31939163,0.63333333,0.00041905,0.09455928,0.86203792,0.45279621,0.40924172
IndependentWeighted,11,without_sequence,composite,bba06bcaf278bb02559ea97f487337d5dfdd77acae6741b8f24ff6ad48764687,6000,4950,0,1.00000000,0.52023121,1.00000000,0.68441065,1.00000000,0.00000000,0.00000000,,,
IndependentWeighted,11,without_sequence,Timing,bba06bcaf278bb02559ea97f487337d5dfdd77acae6741b8f24ff6ad48764687,6000,4950,0,0.49876049,0.09090909,1.00000000,0.16666667,0.09111111,0.00000000,0.00000000,0.80326593,0.80403741,-0.00077148
IndependentWeighted,11,without_sequence,Amount,bba06bcaf278bb02559ea97f487337d5dfdd77acae6741b8f24ff6ad48764687,6000,4950,0,0.48917235,0.09090909,1.00000000,0.16666667,0.09777778,0.00000000,0.00000000,0.75526898,0.75609747,-0.00082848
IndependentWeighted,11,without_sequence,Sequence,bba06bcaf278bb02559ea97f487337d5dfdd77acae6741b8f24ff6ad48764687,6000,4950,0,0.49756025,0.09090909,1.00000000,0.16666667,0.07333333,0.00000000,0.00000000,0.87960823,0.87938940,0.00021883
IndependentWeighted,11,without_sequence,Destination,bba06bcaf278bb02559ea97f487337d5dfdd77acae6741b8f24ff6ad48764687,6000,4950,0,0.48701802,0.09098278,0.99777778,0.16675952,0.09777778,0.00000000,0.00000000,0.73797646,0.74054891,-0.00257246
IndependentWeighted,11,without_sequence,Synchrony,bba06bcaf278bb02559ea97f487337d5dfdd77acae6741b8f24ff6ad48764687,6000,4950,0,0.50116840,0.00000000,0.00000000,0.00000000,0.11111111,0.00000000,0.70710678,0.00429630,0.00419630,0.00010000
IndependentWeighted,11,without_sequence,Funding,bba06bcaf278bb02559ea97f487337d5dfdd77acae6741b8f24ff6ad48764687,6000,4950,0,1.00000000,1.00000000,1.00000000,1.00000000,1.00000000,1.00000000,1.00000000,1.00000000,0.00000000,1.00000000
IndependentWeighted,11,without_sequence,Route,bba06bcaf278bb02559ea97f487337d5dfdd77acae6741b8f24ff6ad48764687,6000,4950,0,0.50000000,0.09090909,1.00000000,0.16666667,0.08666667,0.00000000,0.00000000,1.00000000,1.00000000,0.00000000
IndependentWeighted,11,without_sequence,BalanceRank,bba06bcaf278bb02559ea97f487337d5dfdd77acae6741b8f24ff6ad48764687,6000,4950,0,0.90891556,0.19266055,0.93333333,0.31939163,0.63333333,0.00041905,0.09455928,0.86203792,0.45279621,0.40924172
IndependentWeighted,11,without_synchrony,composite,bba06bcaf278bb02559ea97f487337d5dfdd77acae6741b8f24ff6ad48764687,6000,4950,0,1.00000000,0.09090909,1.00000000,0.16666667,1.00000000,0.00000000,0.00000000,,,
IndependentWeighted,11,without_synchrony,Timing,bba06bcaf278bb02559ea97f487337d5dfdd77acae6741b8f24ff6ad48764687,6000,4950,0,0.49876049,0.09090909,1.00000000,0.16666667,0.09111111,0.00000000,0.00000000,0.80326593,0.80403741,-0.00077148
IndependentWeighted,11,without_synchrony,Amount,bba06bcaf278bb02559ea97f487337d5dfdd77acae6741b8f24ff6ad48764687,6000,4950,0,0.48917235,0.09090909,1.00000000,0.16666667,0.09777778,0.00000000,0.00000000,0.75526898,0.75609747,-0.00082848
IndependentWeighted,11,without_synchrony,Sequence,bba06bcaf278bb02559ea97f487337d5dfdd77acae6741b8f24ff6ad48764687,6000,4950,0,0.49756025,0.09090909,1.00000000,0.16666667,0.07333333,0.00000000,0.00000000,0.87960823,0.87938940,0.00021883
IndependentWeighted,11,without_synchrony,Destination,bba06bcaf278bb02559ea97f487337d5dfdd77acae6741b8f24ff6ad48764687,6000,4950,0,0.48701802,0.09098278,0.99777778,0.16675952,0.09777778,0.00000000,0.00000000,0.73797646,0.74054891,-0.00257246
IndependentWeighted,11,without_synchrony,Synchrony,bba06bcaf278bb02559ea97f487337d5dfdd77acae6741b8f24ff6ad48764687,6000,4950,0,0.50116840,0.00000000,0.00000000,0.00000000,0.11111111,0.00000000,0.70710678,0.00429630,0.00419630,0.00010000
IndependentWeighted,11,without_synchrony,Funding,bba06bcaf278bb02559ea97f487337d5dfdd77acae6741b8f24ff6ad48764687,6000,4950,0,1.00000000,1.00000000,1.00000000,1.00000000,1.00000000,1.00000000,1.00000000,1.00000000,0.00000000,1.00000000
IndependentWeighted,11,without_synchrony,Route,bba06bcaf278bb02559ea97f487337d5dfdd77acae6741b8f24ff6ad48764687,6000,4950,0,0.50000000,0.09090909,1.00000000,0.16666667,0.08666667,0.00000000,0.00000000,1.00000000,1.00000000,0.00000000
IndependentWeighted,11,without_synchrony,BalanceRank,bba06bcaf278bb02559ea97f487337d5dfdd77acae6741b8f24ff6ad48764687,6000,4950,0,0.90891556,0.19266055,0.93333333,0.31939163,0.63333333,0.00041905,0.09455928,0.86203792,0.45279621,0.40924172
IndependentWeighted,11,without_funding,composite,bba06bcaf278bb02559ea97f487337d5dfdd77acae6741b8f24ff6ad48764687,6000,4950,0,0.79978716,0.09090909,1.00000000,0.16666667,0.36222222,0.00000000,0.00000000,,,
IndependentWeighted,11,without_funding,Timing,bba06bcaf278bb02559ea97f487337d5dfdd77acae6741b8f24ff6ad48764687,6000,4950,0,0.49876049,0.09090909,1.00000000,0.16666667,0.09111111,0.00000000,0.00000000,0.80326593,0.80403741,-0.00077148
IndependentWeighted,11,without_funding,Amount,bba06bcaf278bb02559ea97f487337d5dfdd77acae6741b8f24ff6ad48764687,6000,4950,0,0.48917235,0.09090909,1.00000000,0.16666667,0.09777778,0.00000000,0.00000000,0.75526898,0.75609747,-0.00082848
IndependentWeighted,11,without_funding,Sequence,bba06bcaf278bb02559ea97f487337d5dfdd77acae6741b8f24ff6ad48764687,6000,4950,0,0.49756025,0.09090909,1.00000000,0.16666667,0.07333333,0.00000000,0.00000000,0.87960823,0.87938940,0.00021883
IndependentWeighted,11,without_funding,Destination,bba06bcaf278bb02559ea97f487337d5dfdd77acae6741b8f24ff6ad48764687,6000,4950,0,0.48701802,0.09098278,0.99777778,0.16675952,0.09777778,0.00000000,0.00000000,0.73797646,0.74054891,-0.00257246
IndependentWeighted,11,without_funding,Synchrony,bba06bcaf278bb02559ea97f487337d5dfdd77acae6741b8f24ff6ad48764687,6000,4950,0,0.50116840,0.00000000,0.00000000,0.00000000,0.11111111,0.00000000,0.70710678,0.00429630,0.00419630,0.00010000
IndependentWeighted,11,without_funding,Funding,bba06bcaf278bb02559ea97f487337d5dfdd77acae6741b8f24ff6ad48764687,6000,4950,0,1.00000000,1.00000000,1.00000000,1.00000000,1.00000000,1.00000000,1.00000000,1.00000000,0.00000000,1.00000000
IndependentWeighted,11,without_funding,Route,bba06bcaf278bb02559ea97f487337d5dfdd77acae6741b8f24ff6ad48764687,6000,4950,0,0.50000000,0.09090909,1.00000000,0.16666667,0.08666667,0.00000000,0.00000000,1.00000000,1.00000000,0.00000000
IndependentWeighted,11,without_funding,BalanceRank,bba06bcaf278bb02559ea97f487337d5dfdd77acae6741b8f24ff6ad48764687,6000,4950,0,0.90891556,0.19266055,0.93333333,0.31939163,0.63333333,0.00041905,0.09455928,0.86203792,0.45279621,0.40924172
IndependentWeighted,23,none,composite,7864769eae72030dd4a52b4a2890f0d5e4f3f28035438a9aed4bf9ec2415470c,6000,4950,0,1.00000000,0.11078287,1.00000000,0.19946809,1.00000000,0.00000000,0.00000000,,,
IndependentWeighted,23,none,Timing,7864769eae72030dd4a52b4a2890f0d5e4f3f28035438a9aed4bf9ec2415470c,6000,4950,0,0.51702272,0.09090909,1.00000000,0.16666667,0.10000000,0.00000000,0.00000000,0.80564827,0.80327718,0.00237109
IndependentWeighted,23,none,Amount,7864769eae72030dd4a52b4a2890f0d5e4f3f28035438a9aed4bf9ec2415470c,6000,4950,0,0.50304296,0.09090909,1.00000000,0.16666667,0.08222222,0.00000000,0.00000000,0.76086088,0.76064823,0.00021265
IndependentWeighted,23,none,Sequence,7864769eae72030dd4a52b4a2890f0d5e4f3f28035438a9aed4bf9ec2415470c,6000,4950,0,0.49048296,0.09094584,1.00000000,0.16672842,0.06888889,0.00000000,0.00000000,0.86602542,0.86695484,-0.00092942
IndependentWeighted,23,none,Destination,7864769eae72030dd4a52b4a2890f0d5e4f3f28035438a9aed4bf9ec2415470c,6000,4950,0,0.49125284,0.09092750,0.99777778,0.16666667,0.09555556,0.00000000,0.00000000,0.74140976,0.74268702,-0.00127726
IndependentWeighted,23,none,Synchrony,7864769eae72030dd4a52b4a2890f0d5e4f3f28035438a9aed4bf9ec2415470c,6000,4950,0,0.49249160,0.00000000,0.00000000,0.00000000,0.07555556,0.00000000,0.70710678,0.00374074,0.00408148,-0.00034074
IndependentWeighted,23,none,Funding,7864769eae72030dd4a52b4a2890f0d5e4f3f28035438a9aed4bf9ec2415470c,6000,4950,0,1.00000000,1.00000000,1.00000000,1.00000000,1.00000000,1.00000000,1.00000000,1.00000000,0.00000000,1.00000000
IndependentWeighted,23,none,Route,7864769eae72030dd4a52b4a2890f0d5e4f3f28035438a9aed4bf9ec2415470c,6000,4950,0,0.50000000,0.09090909,1.00000000,0.16666667,0.08666667,0.00000000,0.00000000,1.00000000,1.00000000,0.00000000
IndependentWeighted,23,none,BalanceRank,7864769eae72030dd4a52b4a2890f0d5e4f3f28035438a9aed4bf9ec2415470c,6000,4950,0,0.90891556,0.19266055,0.93333333,0.31939163,0.63333333,0.00041905,0.09455928,0.86203792,0.45279621,0.40924172
IndependentWeighted,23,without_timing,composite,7864769eae72030dd4a52b4a2890f0d5e4f3f28035438a9aed4bf9ec2415470c,6000,4950,0,1.00000000,0.43352601,1.00000000,0.60483871,1.00000000,0.00000000,0.00000000,,,
IndependentWeighted,23,without_timing,Timing,7864769eae72030dd4a52b4a2890f0d5e4f3f28035438a9aed4bf9ec2415470c,6000,4950,0,0.51702272,0.09090909,1.00000000,0.16666667,0.10000000,0.00000000,0.00000000,0.80564827,0.80327718,0.00237109
IndependentWeighted,23,without_timing,Amount,7864769eae72030dd4a52b4a2890f0d5e4f3f28035438a9aed4bf9ec2415470c,6000,4950,0,0.50304296,0.09090909,1.00000000,0.16666667,0.08222222,0.00000000,0.00000000,0.76086088,0.76064823,0.00021265
IndependentWeighted,23,without_timing,Sequence,7864769eae72030dd4a52b4a2890f0d5e4f3f28035438a9aed4bf9ec2415470c,6000,4950,0,0.49048296,0.09094584,1.00000000,0.16672842,0.06888889,0.00000000,0.00000000,0.86602542,0.86695484,-0.00092942
IndependentWeighted,23,without_timing,Destination,7864769eae72030dd4a52b4a2890f0d5e4f3f28035438a9aed4bf9ec2415470c,6000,4950,0,0.49125284,0.09092750,0.99777778,0.16666667,0.09555556,0.00000000,0.00000000,0.74140976,0.74268702,-0.00127726
IndependentWeighted,23,without_timing,Synchrony,7864769eae72030dd4a52b4a2890f0d5e4f3f28035438a9aed4bf9ec2415470c,6000,4950,0,0.49249160,0.00000000,0.00000000,0.00000000,0.07555556,0.00000000,0.70710678,0.00374074,0.00408148,-0.00034074
IndependentWeighted,23,without_timing,Funding,7864769eae72030dd4a52b4a2890f0d5e4f3f28035438a9aed4bf9ec2415470c,6000,4950,0,1.00000000,1.00000000,1.00000000,1.00000000,1.00000000,1.00000000,1.00000000,1.00000000,0.00000000,1.00000000
IndependentWeighted,23,without_timing,Route,7864769eae72030dd4a52b4a2890f0d5e4f3f28035438a9aed4bf9ec2415470c,6000,4950,0,0.50000000,0.09090909,1.00000000,0.16666667,0.08666667,0.00000000,0.00000000,1.00000000,1.00000000,0.00000000
IndependentWeighted,23,without_timing,BalanceRank,7864769eae72030dd4a52b4a2890f0d5e4f3f28035438a9aed4bf9ec2415470c,6000,4950,0,0.90891556,0.19266055,0.93333333,0.31939163,0.63333333,0.00041905,0.09455928,0.86203792,0.45279621,0.40924172
IndependentWeighted,23,without_amount,composite,7864769eae72030dd4a52b4a2890f0d5e4f3f28035438a9aed4bf9ec2415470c,6000,4950,0,1.00000000,0.22750253,1.00000000,0.37067545,1.00000000,0.00000000,0.00000000,,,
IndependentWeighted,23,without_amount,Timing,7864769eae72030dd4a52b4a2890f0d5e4f3f28035438a9aed4bf9ec2415470c,6000,4950,0,0.51702272,0.09090909,1.00000000,0.16666667,0.10000000,0.00000000,0.00000000,0.80564827,0.80327718,0.00237109
IndependentWeighted,23,without_amount,Amount,7864769eae72030dd4a52b4a2890f0d5e4f3f28035438a9aed4bf9ec2415470c,6000,4950,0,0.50304296,0.09090909,1.00000000,0.16666667,0.08222222,0.00000000,0.00000000,0.76086088,0.76064823,0.00021265
IndependentWeighted,23,without_amount,Sequence,7864769eae72030dd4a52b4a2890f0d5e4f3f28035438a9aed4bf9ec2415470c,6000,4950,0,0.49048296,0.09094584,1.00000000,0.16672842,0.06888889,0.00000000,0.00000000,0.86602542,0.86695484,-0.00092942
IndependentWeighted,23,without_amount,Destination,7864769eae72030dd4a52b4a2890f0d5e4f3f28035438a9aed4bf9ec2415470c,6000,4950,0,0.49125284,0.09092750,0.99777778,0.16666667,0.09555556,0.00000000,0.00000000,0.74140976,0.74268702,-0.00127726
IndependentWeighted,23,without_amount,Synchrony,7864769eae72030dd4a52b4a2890f0d5e4f3f28035438a9aed4bf9ec2415470c,6000,4950,0,0.49249160,0.00000000,0.00000000,0.00000000,0.07555556,0.00000000,0.70710678,0.00374074,0.00408148,-0.00034074
IndependentWeighted,23,without_amount,Funding,7864769eae72030dd4a52b4a2890f0d5e4f3f28035438a9aed4bf9ec2415470c,6000,4950,0,1.00000000,1.00000000,1.00000000,1.00000000,1.00000000,1.00000000,1.00000000,1.00000000,0.00000000,1.00000000
IndependentWeighted,23,without_amount,Route,7864769eae72030dd4a52b4a2890f0d5e4f3f28035438a9aed4bf9ec2415470c,6000,4950,0,0.50000000,0.09090909,1.00000000,0.16666667,0.08666667,0.00000000,0.00000000,1.00000000,1.00000000,0.00000000
IndependentWeighted,23,without_amount,BalanceRank,7864769eae72030dd4a52b4a2890f0d5e4f3f28035438a9aed4bf9ec2415470c,6000,4950,0,0.90891556,0.19266055,0.93333333,0.31939163,0.63333333,0.00041905,0.09455928,0.86203792,0.45279621,0.40924172
IndependentWeighted,23,without_sequence,composite,7864769eae72030dd4a52b4a2890f0d5e4f3f28035438a9aed4bf9ec2415470c,6000,4950,0,1.00000000,0.51664753,1.00000000,0.68130204,1.00000000,0.00000000,0.00000000,,,
IndependentWeighted,23,without_sequence,Timing,7864769eae72030dd4a52b4a2890f0d5e4f3f28035438a9aed4bf9ec2415470c,6000,4950,0,0.51702272,0.09090909,1.00000000,0.16666667,0.10000000,0.00000000,0.00000000,0.80564827,0.80327718,0.00237109
IndependentWeighted,23,without_sequence,Amount,7864769eae72030dd4a52b4a2890f0d5e4f3f28035438a9aed4bf9ec2415470c,6000,4950,0,0.50304296,0.09090909,1.00000000,0.16666667,0.08222222,0.00000000,0.00000000,0.76086088,0.76064823,0.00021265
IndependentWeighted,23,without_sequence,Sequence,7864769eae72030dd4a52b4a2890f0d5e4f3f28035438a9aed4bf9ec2415470c,6000,4950,0,0.49048296,0.09094584,1.00000000,0.16672842,0.06888889,0.00000000,0.00000000,0.86602542,0.86695484,-0.00092942
IndependentWeighted,23,without_sequence,Destination,7864769eae72030dd4a52b4a2890f0d5e4f3f28035438a9aed4bf9ec2415470c,6000,4950,0,0.49125284,0.09092750,0.99777778,0.16666667,0.09555556,0.00000000,0.00000000,0.74140976,0.74268702,-0.00127726
IndependentWeighted,23,without_sequence,Synchrony,7864769eae72030dd4a52b4a2890f0d5e4f3f28035438a9aed4bf9ec2415470c,6000,4950,0,0.49249160,0.00000000,0.00000000,0.00000000,0.07555556,0.00000000,0.70710678,0.00374074,0.00408148,-0.00034074
IndependentWeighted,23,without_sequence,Funding,7864769eae72030dd4a52b4a2890f0d5e4f3f28035438a9aed4bf9ec2415470c,6000,4950,0,1.00000000,1.00000000,1.00000000,1.00000000,1.00000000,1.00000000,1.00000000,1.00000000,0.00000000,1.00000000
IndependentWeighted,23,without_sequence,Route,7864769eae72030dd4a52b4a2890f0d5e4f3f28035438a9aed4bf9ec2415470c,6000,4950,0,0.50000000,0.09090909,1.00000000,0.16666667,0.08666667,0.00000000,0.00000000,1.00000000,1.00000000,0.00000000
IndependentWeighted,23,without_sequence,BalanceRank,7864769eae72030dd4a52b4a2890f0d5e4f3f28035438a9aed4bf9ec2415470c,6000,4950,0,0.90891556,0.19266055,0.93333333,0.31939163,0.63333333,0.00041905,0.09455928,0.86203792,0.45279621,0.40924172
IndependentWeighted,23,without_synchrony,composite,7864769eae72030dd4a52b4a2890f0d5e4f3f28035438a9aed4bf9ec2415470c,6000,4950,0,1.00000000,0.09090909,1.00000000,0.16666667,1.00000000,0.00000000,0.00000000,,,
IndependentWeighted,23,without_synchrony,Timing,7864769eae72030dd4a52b4a2890f0d5e4f3f28035438a9aed4bf9ec2415470c,6000,4950,0,0.51702272,0.09090909,1.00000000,0.16666667,0.10000000,0.00000000,0.00000000,0.80564827,0.80327718,0.00237109
IndependentWeighted,23,without_synchrony,Amount,7864769eae72030dd4a52b4a2890f0d5e4f3f28035438a9aed4bf9ec2415470c,6000,4950,0,0.50304296,0.09090909,1.00000000,0.16666667,0.08222222,0.00000000,0.00000000,0.76086088,0.76064823,0.00021265
IndependentWeighted,23,without_synchrony,Sequence,7864769eae72030dd4a52b4a2890f0d5e4f3f28035438a9aed4bf9ec2415470c,6000,4950,0,0.49048296,0.09094584,1.00000000,0.16672842,0.06888889,0.00000000,0.00000000,0.86602542,0.86695484,-0.00092942
IndependentWeighted,23,without_synchrony,Destination,7864769eae72030dd4a52b4a2890f0d5e4f3f28035438a9aed4bf9ec2415470c,6000,4950,0,0.49125284,0.09092750,0.99777778,0.16666667,0.09555556,0.00000000,0.00000000,0.74140976,0.74268702,-0.00127726
IndependentWeighted,23,without_synchrony,Synchrony,7864769eae72030dd4a52b4a2890f0d5e4f3f28035438a9aed4bf9ec2415470c,6000,4950,0,0.49249160,0.00000000,0.00000000,0.00000000,0.07555556,0.00000000,0.70710678,0.00374074,0.00408148,-0.00034074
IndependentWeighted,23,without_synchrony,Funding,7864769eae72030dd4a52b4a2890f0d5e4f3f28035438a9aed4bf9ec2415470c,6000,4950,0,1.00000000,1.00000000,1.00000000,1.00000000,1.00000000,1.00000000,1.00000000,1.00000000,0.00000000,1.00000000
IndependentWeighted,23,without_synchrony,Route,7864769eae72030dd4a52b4a2890f0d5e4f3f28035438a9aed4bf9ec2415470c,6000,4950,0,0.50000000,0.09090909,1.00000000,0.16666667,0.08666667,0.00000000,0.00000000,1.00000000,1.00000000,0.00000000
IndependentWeighted,23,without_synchrony,BalanceRank,7864769eae72030dd4a52b4a2890f0d5e4f3f28035438a9aed4bf9ec2415470c,6000,4950,0,0.90891556,0.19266055,0.93333333,0.31939163,0.63333333,0.00041905,0.09455928,0.86203792,0.45279621,0.40924172
IndependentWeighted,23,without_funding,composite,7864769eae72030dd4a52b4a2890f0d5e4f3f28035438a9aed4bf9ec2415470c,6000,4950,0,0.79574025,0.09090909,1.00000000,0.16666667,0.35111111,0.00000000,0.00000000,,,
IndependentWeighted,23,without_funding,Timing,7864769eae72030dd4a52b4a2890f0d5e4f3f28035438a9aed4bf9ec2415470c,6000,4950,0,0.51702272,0.09090909,1.00000000,0.16666667,0.10000000,0.00000000,0.00000000,0.80564827,0.80327718,0.00237109
IndependentWeighted,23,without_funding,Amount,7864769eae72030dd4a52b4a2890f0d5e4f3f28035438a9aed4bf9ec2415470c,6000,4950,0,0.50304296,0.09090909,1.00000000,0.16666667,0.08222222,0.00000000,0.00000000,0.76086088,0.76064823,0.00021265
IndependentWeighted,23,without_funding,Sequence,7864769eae72030dd4a52b4a2890f0d5e4f3f28035438a9aed4bf9ec2415470c,6000,4950,0,0.49048296,0.09094584,1.00000000,0.16672842,0.06888889,0.00000000,0.00000000,0.86602542,0.86695484,-0.00092942
IndependentWeighted,23,without_funding,Destination,7864769eae72030dd4a52b4a2890f0d5e4f3f28035438a9aed4bf9ec2415470c,6000,4950,0,0.49125284,0.09092750,0.99777778,0.16666667,0.09555556,0.00000000,0.00000000,0.74140976,0.74268702,-0.00127726
IndependentWeighted,23,without_funding,Synchrony,7864769eae72030dd4a52b4a2890f0d5e4f3f28035438a9aed4bf9ec2415470c,6000,4950,0,0.49249160,0.00000000,0.00000000,0.00000000,0.07555556,0.00000000,0.70710678,0.00374074,0.00408148,-0.00034074
IndependentWeighted,23,without_funding,Funding,7864769eae72030dd4a52b4a2890f0d5e4f3f28035438a9aed4bf9ec2415470c,6000,4950,0,1.00000000,1.00000000,1.00000000,1.00000000,1.00000000,1.00000000,1.00000000,1.00000000,0.00000000,1.00000000
IndependentWeighted,23,without_funding,Route,7864769eae72030dd4a52b4a2890f0d5e4f3f28035438a9aed4bf9ec2415470c,6000,4950,0,0.50000000,0.09090909,1.00000000,0.16666667,0.08666667,0.00000000,0.00000000,1.00000000,1.00000000,0.00000000
IndependentWeighted,23,without_funding,BalanceRank,7864769eae72030dd4a52b4a2890f0d5e4f3f28035438a9aed4bf9ec2415470c,6000,4950,0,0.90891556,0.19266055,0.93333333,0.31939163,0.63333333,0.00041905,0.09455928,0.86203792,0.45279621,0.40924172
IndependentWeighted,37,none,composite,a80c2b0da8dc04157ee38bfb027facab48db4698060665c80f03302211d3740e,6000,4950,0,1.00000000,0.11476664,1.00000000,0.20590254,1.00000000,0.00000000,0.00000000,,,
IndependentWeighted,37,none,Timing,a80c2b0da8dc04157ee38bfb027facab48db4698060665c80f03302211d3740e,6000,4950,0,0.50092049,0.09090909,1.00000000,0.16666667,0.08444444,0.00000000,0.00000000,0.79161568,0.79086477,0.00075091
IndependentWeighted,37,none,Amount,a80c2b0da8dc04157ee38bfb027facab48db4698060665c80f03302211d3740e,6000,4950,0,0.50570000,0.09090909,1.00000000,0.16666667,0.09333333,0.00000000,0.00000000,0.75821264,0.75722716,0.00098547
IndependentWeighted,37,none,Sequence,a80c2b0da8dc04157ee38bfb027facab48db4698060665c80f03302211d3740e,6000,4950,0,0.51762889,0.09085391,0.99777778,0.16654303,0.08888889,0.00000000,0.00000000,0.86887338,0.86605878,0.00281460
IndependentWeighted,37,none,Destination,a80c2b0da8dc04157ee38bfb027facab48db4698060665c80f03302211d3740e,6000,4950,0,0.51051235,0.09114847,1.00000000,0.16706887,0.11111111,0.00000000,0.00000000,0.74433638,0.74099522,0.00334116
IndependentWeighted,37,none,Synchrony,a80c2b0da8dc04157ee38bfb027facab48db4698060665c80f03302211d3740e,6000,4950,0,0.50750963,0.00000000,0.00000000,0.00000000,0.09777778,0.00000000,0.70710678,0.00433333,0.00409630,0.00023704
IndependentWeighted,37,none,Funding,a80c2b0da8dc04157ee38bfb027facab48db4698060665c80f03302211d3740e,6000,4950,0,1.00000000,1.00000000,1.00000000,1.00000000,1.00000000,1.00000000,1.00000000,1.00000000,0.00000000,1.00000000
IndependentWeighted,37,none,Route,a80c2b0da8dc04157ee38bfb027facab48db4698060665c80f03302211d3740e,6000,4950,0,0.50000000,0.09090909,1.00000000,0.16666667,0.08666667,0.00000000,0.00000000,1.00000000,1.00000000,0.00000000
IndependentWeighted,37,none,BalanceRank,a80c2b0da8dc04157ee38bfb027facab48db4698060665c80f03302211d3740e,6000,4950,0,0.90891556,0.19266055,0.93333333,0.31939163,0.63333333,0.00041905,0.09455928,0.86203792,0.45279621,0.40924172
IndependentWeighted,37,without_timing,composite,a80c2b0da8dc04157ee38bfb027facab48db4698060665c80f03302211d3740e,6000,4950,0,1.00000000,0.45408678,1.00000000,0.62456627,1.00000000,0.00000000,0.00000000,,,
IndependentWeighted,37,without_timing,Timing,a80c2b0da8dc04157ee38bfb027facab48db4698060665c80f03302211d3740e,6000,4950,0,0.50092049,0.09090909,1.00000000,0.16666667,0.08444444,0.00000000,0.00000000,0.79161568,0.79086477,0.00075091
IndependentWeighted,37,without_timing,Amount,a80c2b0da8dc04157ee38bfb027facab48db4698060665c80f03302211d3740e,6000,4950,0,0.50570000,0.09090909,1.00000000,0.16666667,0.09333333,0.00000000,0.00000000,0.75821264,0.75722716,0.00098547
IndependentWeighted,37,without_timing,Sequence,a80c2b0da8dc04157ee38bfb027facab48db4698060665c80f03302211d3740e,6000,4950,0,0.51762889,0.09085391,0.99777778,0.16654303,0.08888889,0.00000000,0.00000000,0.86887338,0.86605878,0.00281460
IndependentWeighted,37,without_timing,Destination,a80c2b0da8dc04157ee38bfb027facab48db4698060665c80f03302211d3740e,6000,4950,0,0.51051235,0.09114847,1.00000000,0.16706887,0.11111111,0.00000000,0.00000000,0.74433638,0.74099522,0.00334116
IndependentWeighted,37,without_timing,Synchrony,a80c2b0da8dc04157ee38bfb027facab48db4698060665c80f03302211d3740e,6000,4950,0,0.50750963,0.00000000,0.00000000,0.00000000,0.09777778,0.00000000,0.70710678,0.00433333,0.00409630,0.00023704
IndependentWeighted,37,without_timing,Funding,a80c2b0da8dc04157ee38bfb027facab48db4698060665c80f03302211d3740e,6000,4950,0,1.00000000,1.00000000,1.00000000,1.00000000,1.00000000,1.00000000,1.00000000,1.00000000,0.00000000,1.00000000
IndependentWeighted,37,without_timing,Route,a80c2b0da8dc04157ee38bfb027facab48db4698060665c80f03302211d3740e,6000,4950,0,0.50000000,0.09090909,1.00000000,0.16666667,0.08666667,0.00000000,0.00000000,1.00000000,1.00000000,0.00000000
IndependentWeighted,37,without_timing,BalanceRank,a80c2b0da8dc04157ee38bfb027facab48db4698060665c80f03302211d3740e,6000,4950,0,0.90891556,0.19266055,0.93333333,0.31939163,0.63333333,0.00041905,0.09455928,0.86203792,0.45279621,0.40924172
IndependentWeighted,37,without_amount,composite,a80c2b0da8dc04157ee38bfb027facab48db4698060665c80f03302211d3740e,6000,4950,0,1.00000000,0.25582717,1.00000000,0.40742417,1.00000000,0.00000000,0.00000000,,,
IndependentWeighted,37,without_amount,Timing,a80c2b0da8dc04157ee38bfb027facab48db4698060665c80f03302211d3740e,6000,4950,0,0.50092049,0.09090909,1.00000000,0.16666667,0.08444444,0.00000000,0.00000000,0.79161568,0.79086477,0.00075091
IndependentWeighted,37,without_amount,Amount,a80c2b0da8dc04157ee38bfb027facab48db4698060665c80f03302211d3740e,6000,4950,0,0.50570000,0.09090909,1.00000000,0.16666667,0.09333333,0.00000000,0.00000000,0.75821264,0.75722716,0.00098547
IndependentWeighted,37,without_amount,Sequence,a80c2b0da8dc04157ee38bfb027facab48db4698060665c80f03302211d3740e,6000,4950,0,0.51762889,0.09085391,0.99777778,0.16654303,0.08888889,0.00000000,0.00000000,0.86887338,0.86605878,0.00281460
IndependentWeighted,37,without_amount,Destination,a80c2b0da8dc04157ee38bfb027facab48db4698060665c80f03302211d3740e,6000,4950,0,0.51051235,0.09114847,1.00000000,0.16706887,0.11111111,0.00000000,0.00000000,0.74433638,0.74099522,0.00334116
IndependentWeighted,37,without_amount,Synchrony,a80c2b0da8dc04157ee38bfb027facab48db4698060665c80f03302211d3740e,6000,4950,0,0.50750963,0.00000000,0.00000000,0.00000000,0.09777778,0.00000000,0.70710678,0.00433333,0.00409630,0.00023704
IndependentWeighted,37,without_amount,Funding,a80c2b0da8dc04157ee38bfb027facab48db4698060665c80f03302211d3740e,6000,4950,0,1.00000000,1.00000000,1.00000000,1.00000000,1.00000000,1.00000000,1.00000000,1.00000000,0.00000000,1.00000000
IndependentWeighted,37,without_amount,Route,a80c2b0da8dc04157ee38bfb027facab48db4698060665c80f03302211d3740e,6000,4950,0,0.50000000,0.09090909,1.00000000,0.16666667,0.08666667,0.00000000,0.00000000,1.00000000,1.00000000,0.00000000
IndependentWeighted,37,without_amount,BalanceRank,a80c2b0da8dc04157ee38bfb027facab48db4698060665c80f03302211d3740e,6000,4950,0,0.90891556,0.19266055,0.93333333,0.31939163,0.63333333,0.00041905,0.09455928,0.86203792,0.45279621,0.40924172
IndependentWeighted,37,without_sequence,composite,a80c2b0da8dc04157ee38bfb027facab48db4698060665c80f03302211d3740e,6000,4950,0,1.00000000,0.58290155,1.00000000,0.73649755,1.00000000,0.00000000,0.00000000,,,
IndependentWeighted,37,without_sequence,Timing,a80c2b0da8dc04157ee38bfb027facab48db4698060665c80f03302211d3740e,6000,4950,0,0.50092049,0.09090909,1.00000000,0.16666667,0.08444444,0.00000000,0.00000000,0.79161568,0.79086477,0.00075091
IndependentWeighted,37,without_sequence,Amount,a80c2b0da8dc04157ee38bfb027facab48db4698060665c80f03302211d3740e,6000,4950,0,0.50570000,0.09090909,1.00000000,0.16666667,0.09333333,0.00000000,0.00000000,0.75821264,0.75722716,0.00098547
IndependentWeighted,37,without_sequence,Sequence,a80c2b0da8dc04157ee38bfb027facab48db4698060665c80f03302211d3740e,6000,4950,0,0.51762889,0.09085391,0.99777778,0.16654303,0.08888889,0.00000000,0.00000000,0.86887338,0.86605878,0.00281460
IndependentWeighted,37,without_sequence,Destination,a80c2b0da8dc04157ee38bfb027facab48db4698060665c80f03302211d3740e,6000,4950,0,0.51051235,0.09114847,1.00000000,0.16706887,0.11111111,0.00000000,0.00000000,0.74433638,0.74099522,0.00334116
IndependentWeighted,37,without_sequence,Synchrony,a80c2b0da8dc04157ee38bfb027facab48db4698060665c80f03302211d3740e,6000,4950,0,0.50750963,0.00000000,0.00000000,0.00000000,0.09777778,0.00000000,0.70710678,0.00433333,0.00409630,0.00023704
IndependentWeighted,37,without_sequence,Funding,a80c2b0da8dc04157ee38bfb027facab48db4698060665c80f03302211d3740e,6000,4950,0,1.00000000,1.00000000,1.00000000,1.00000000,1.00000000,1.00000000,1.00000000,1.00000000,0.00000000,1.00000000
IndependentWeighted,37,without_sequence,Route,a80c2b0da8dc04157ee38bfb027facab48db4698060665c80f03302211d3740e,6000,4950,0,0.50000000,0.09090909,1.00000000,0.16666667,0.08666667,0.00000000,0.00000000,1.00000000,1.00000000,0.00000000
IndependentWeighted,37,without_sequence,BalanceRank,a80c2b0da8dc04157ee38bfb027facab48db4698060665c80f03302211d3740e,6000,4950,0,0.90891556,0.19266055,0.93333333,0.31939163,0.63333333,0.00041905,0.09455928,0.86203792,0.45279621,0.40924172
IndependentWeighted,37,without_synchrony,composite,a80c2b0da8dc04157ee38bfb027facab48db4698060665c80f03302211d3740e,6000,4950,0,1.00000000,0.09090909,1.00000000,0.16666667,1.00000000,0.00000000,0.00000000,,,
IndependentWeighted,37,without_synchrony,Timing,a80c2b0da8dc04157ee38bfb027facab48db4698060665c80f03302211d3740e,6000,4950,0,0.50092049,0.09090909,1.00000000,0.16666667,0.08444444,0.00000000,0.00000000,0.79161568,0.79086477,0.00075091
IndependentWeighted,37,without_synchrony,Amount,a80c2b0da8dc04157ee38bfb027facab48db4698060665c80f03302211d3740e,6000,4950,0,0.50570000,0.09090909,1.00000000,0.16666667,0.09333333,0.00000000,0.00000000,0.75821264,0.75722716,0.00098547
IndependentWeighted,37,without_synchrony,Sequence,a80c2b0da8dc04157ee38bfb027facab48db4698060665c80f03302211d3740e,6000,4950,0,0.51762889,0.09085391,0.99777778,0.16654303,0.08888889,0.00000000,0.00000000,0.86887338,0.86605878,0.00281460
IndependentWeighted,37,without_synchrony,Destination,a80c2b0da8dc04157ee38bfb027facab48db4698060665c80f03302211d3740e,6000,4950,0,0.51051235,0.09114847,1.00000000,0.16706887,0.11111111,0.00000000,0.00000000,0.74433638,0.74099522,0.00334116
IndependentWeighted,37,without_synchrony,Synchrony,a80c2b0da8dc04157ee38bfb027facab48db4698060665c80f03302211d3740e,6000,4950,0,0.50750963,0.00000000,0.00000000,0.00000000,0.09777778,0.00000000,0.70710678,0.00433333,0.00409630,0.00023704
IndependentWeighted,37,without_synchrony,Funding,a80c2b0da8dc04157ee38bfb027facab48db4698060665c80f03302211d3740e,6000,4950,0,1.00000000,1.00000000,1.00000000,1.00000000,1.00000000,1.00000000,1.00000000,1.00000000,0.00000000,1.00000000
IndependentWeighted,37,without_synchrony,Route,a80c2b0da8dc04157ee38bfb027facab48db4698060665c80f03302211d3740e,6000,4950,0,0.50000000,0.09090909,1.00000000,0.16666667,0.08666667,0.00000000,0.00000000,1.00000000,1.00000000,0.00000000
IndependentWeighted,37,without_synchrony,BalanceRank,a80c2b0da8dc04157ee38bfb027facab48db4698060665c80f03302211d3740e,6000,4950,0,0.90891556,0.19266055,0.93333333,0.31939163,0.63333333,0.00041905,0.09455928,0.86203792,0.45279621,0.40924172
IndependentWeighted,37,without_funding,composite,a80c2b0da8dc04157ee38bfb027facab48db4698060665c80f03302211d3740e,6000,4950,0,0.80743852,0.09090909,1.00000000,0.16666667,0.36000000,0.00000000,0.00000000,,,
IndependentWeighted,37,without_funding,Timing,a80c2b0da8dc04157ee38bfb027facab48db4698060665c80f03302211d3740e,6000,4950,0,0.50092049,0.09090909,1.00000000,0.16666667,0.08444444,0.00000000,0.00000000,0.79161568,0.79086477,0.00075091
IndependentWeighted,37,without_funding,Amount,a80c2b0da8dc04157ee38bfb027facab48db4698060665c80f03302211d3740e,6000,4950,0,0.50570000,0.09090909,1.00000000,0.16666667,0.09333333,0.00000000,0.00000000,0.75821264,0.75722716,0.00098547
IndependentWeighted,37,without_funding,Sequence,a80c2b0da8dc04157ee38bfb027facab48db4698060665c80f03302211d3740e,6000,4950,0,0.51762889,0.09085391,0.99777778,0.16654303,0.08888889,0.00000000,0.00000000,0.86887338,0.86605878,0.00281460
IndependentWeighted,37,without_funding,Destination,a80c2b0da8dc04157ee38bfb027facab48db4698060665c80f03302211d3740e,6000,4950,0,0.51051235,0.09114847,1.00000000,0.16706887,0.11111111,0.00000000,0.00000000,0.74433638,0.74099522,0.00334116
IndependentWeighted,37,without_funding,Synchrony,a80c2b0da8dc04157ee38bfb027facab48db4698060665c80f03302211d3740e,6000,4950,0,0.50750963,0.00000000,0.00000000,0.00000000,0.09777778,0.00000000,0.70710678,0.00433333,0.00409630,0.00023704
IndependentWeighted,37,without_funding,Funding,a80c2b0da8dc04157ee38bfb027facab48db4698060665c80f03302211d3740e,6000,4950,0,1.00000000,1.00000000,1.00000000,1.00000000,1.00000000,1.00000000,1.00000000,1.00000000,0.00000000,1.00000000
IndependentWeighted,37,without_funding,Route,a80c2b0da8dc04157ee38bfb027facab48db4698060665c80f03302211d3740e,6000,4950,0,0.50000000,0.09090909,1.00000000,0.16666667,0.08666667,0.00000000,0.00000000,1.00000000,1.00000000,0.00000000
IndependentWeighted,37,without_funding,BalanceRank,a80c2b0da8dc04157ee38bfb027facab48db4698060665c80f03302211d3740e,6000,4950,0,0.90891556,0.19266055,0.93333333,0.31939163,0.63333333,0.00041905,0.09455928,0.86203792,0.45279621,0.40924172
IndependentWeighted,51,none,composite,d0ec53ab722154f3dacd14aaecb763672fea18f8918198e1d3e1ca8b697aa825,6000,4950,0,1.00000000,0.11309374,1.00000000,0.20320614,1.00000000,0.00000000,0.00000000,,,
IndependentWeighted,51,none,Timing,d0ec53ab722154f3dacd14aaecb763672fea18f8918198e1d3e1ca8b697aa825,6000,4950,0,0.47513975,0.09090909,1.00000000,0.16666667,0.07333333,0.00000000,0.00000000,0.79542916,0.79847027,-0.00304110
IndependentWeighted,51,none,Amount,d0ec53ab722154f3dacd14aaecb763672fea18f8918198e1d3e1ca8b697aa825,6000,4950,0,0.50394123,0.09090909,1.00000000,0.16666667,0.08222222,0.00000000,0.00000000,0.75789380,0.75740226,0.00049154
IndependentWeighted,51,none,Sequence,d0ec53ab722154f3dacd14aaecb763672fea18f8918198e1d3e1ca8b697aa825,6000,4950,0,0.50780790,0.09101942,1.00000000,0.16685206,0.08222222,0.00000000,0.00000000,0.86413570,0.86319128,0.00094442
IndependentWeighted,51,none,Destination,d0ec53ab722154f3dacd14aaecb763672fea18f8918198e1d3e1ca8b697aa825,6000,4950,0,0.51075284,0.09094600,0.99555556,0.16666667,0.09333333,0.00000000,0.00000000,0.74770986,0.74490242,0.00280744
IndependentWeighted,51,none,Synchrony,d0ec53ab722154f3dacd14aaecb763672fea18f8918198e1d3e1ca8b697aa825,6000,4950,0,0.50716321,0.00000000,0.00000000,0.00000000,0.08000000,0.00000000,0.70710678,0.00455556,0.00421852,0.00033704
IndependentWeighted,51,none,Funding,d0ec53ab722154f3dacd14aaecb763672fea18f8918198e1d3e1ca8b697aa825,6000,4950,0,1.00000000,1.00000000,1.00000000,1.00000000,1.00000000,1.00000000,1.00000000,1.00000000,0.00000000,1.00000000
IndependentWeighted,51,none,Route,d0ec53ab722154f3dacd14aaecb763672fea18f8918198e1d3e1ca8b697aa825,6000,4950,0,0.50000000,0.09090909,1.00000000,0.16666667,0.08666667,0.00000000,0.00000000,1.00000000,1.00000000,0.00000000
IndependentWeighted,51,none,BalanceRank,d0ec53ab722154f3dacd14aaecb763672fea18f8918198e1d3e1ca8b697aa825,6000,4950,0,0.90891556,0.19266055,0.93333333,0.31939163,0.63333333,0.00041905,0.09455928,0.86203792,0.45279621,0.40924172
IndependentWeighted,51,without_timing,composite,d0ec53ab722154f3dacd14aaecb763672fea18f8918198e1d3e1ca8b697aa825,6000,4950,0,1.00000000,0.43988270,1.00000000,0.61099796,1.00000000,0.00000000,0.00000000,,,
IndependentWeighted,51,without_timing,Timing,d0ec53ab722154f3dacd14aaecb763672fea18f8918198e1d3e1ca8b697aa825,6000,4950,0,0.47513975,0.09090909,1.00000000,0.16666667,0.07333333,0.00000000,0.00000000,0.79542916,0.79847027,-0.00304110
IndependentWeighted,51,without_timing,Amount,d0ec53ab722154f3dacd14aaecb763672fea18f8918198e1d3e1ca8b697aa825,6000,4950,0,0.50394123,0.09090909,1.00000000,0.16666667,0.08222222,0.00000000,0.00000000,0.75789380,0.75740226,0.00049154
IndependentWeighted,51,without_timing,Sequence,d0ec53ab722154f3dacd14aaecb763672fea18f8918198e1d3e1ca8b697aa825,6000,4950,0,0.50780790,0.09101942,1.00000000,0.16685206,0.08222222,0.00000000,0.00000000,0.86413570,0.86319128,0.00094442
IndependentWeighted,51,without_timing,Destination,d0ec53ab722154f3dacd14aaecb763672fea18f8918198e1d3e1ca8b697aa825,6000,4950,0,0.51075284,0.09094600,0.99555556,0.16666667,0.09333333,0.00000000,0.00000000,0.74770986,0.74490242,0.00280744
IndependentWeighted,51,without_timing,Synchrony,d0ec53ab722154f3dacd14aaecb763672fea18f8918198e1d3e1ca8b697aa825,6000,4950,0,0.50716321,0.00000000,0.00000000,0.00000000,0.08000000,0.00000000,0.70710678,0.00455556,0.00421852,0.00033704
IndependentWeighted,51,without_timing,Funding,d0ec53ab722154f3dacd14aaecb763672fea18f8918198e1d3e1ca8b697aa825,6000,4950,0,1.00000000,1.00000000,1.00000000,1.00000000,1.00000000,1.00000000,1.00000000,1.00000000,0.00000000,1.00000000
IndependentWeighted,51,without_timing,Route,d0ec53ab722154f3dacd14aaecb763672fea18f8918198e1d3e1ca8b697aa825,6000,4950,0,0.50000000,0.09090909,1.00000000,0.16666667,0.08666667,0.00000000,0.00000000,1.00000000,1.00000000,0.00000000
IndependentWeighted,51,without_timing,BalanceRank,d0ec53ab722154f3dacd14aaecb763672fea18f8918198e1d3e1ca8b697aa825,6000,4950,0,0.90891556,0.19266055,0.93333333,0.31939163,0.63333333,0.00041905,0.09455928,0.86203792,0.45279621,0.40924172
IndependentWeighted,51,without_amount,composite,d0ec53ab722154f3dacd14aaecb763672fea18f8918198e1d3e1ca8b697aa825,6000,4950,0,1.00000000,0.23809524,1.00000000,0.38461538,1.00000000,0.00000000,0.00000000,,,
IndependentWeighted,51,without_amount,Timing,d0ec53ab722154f3dacd14aaecb763672fea18f8918198e1d3e1ca8b697aa825,6000,4950,0,0.47513975,0.09090909,1.00000000,0.16666667,0.07333333,0.00000000,0.00000000,0.79542916,0.79847027,-0.00304110
IndependentWeighted,51,without_amount,Amount,d0ec53ab722154f3dacd14aaecb763672fea18f8918198e1d3e1ca8b697aa825,6000,4950,0,0.50394123,0.09090909,1.00000000,0.16666667,0.08222222,0.00000000,0.00000000,0.75789380,0.75740226,0.00049154
IndependentWeighted,51,without_amount,Sequence,d0ec53ab722154f3dacd14aaecb763672fea18f8918198e1d3e1ca8b697aa825,6000,4950,0,0.50780790,0.09101942,1.00000000,0.16685206,0.08222222,0.00000000,0.00000000,0.86413570,0.86319128,0.00094442
IndependentWeighted,51,without_amount,Destination,d0ec53ab722154f3dacd14aaecb763672fea18f8918198e1d3e1ca8b697aa825,6000,4950,0,0.51075284,0.09094600,0.99555556,0.16666667,0.09333333,0.00000000,0.00000000,0.74770986,0.74490242,0.00280744
IndependentWeighted,51,without_amount,Synchrony,d0ec53ab722154f3dacd14aaecb763672fea18f8918198e1d3e1ca8b697aa825,6000,4950,0,0.50716321,0.00000000,0.00000000,0.00000000,0.08000000,0.00000000,0.70710678,0.00455556,0.00421852,0.00033704
IndependentWeighted,51,without_amount,Funding,d0ec53ab722154f3dacd14aaecb763672fea18f8918198e1d3e1ca8b697aa825,6000,4950,0,1.00000000,1.00000000,1.00000000,1.00000000,1.00000000,1.00000000,1.00000000,1.00000000,0.00000000,1.00000000
IndependentWeighted,51,without_amount,Route,d0ec53ab722154f3dacd14aaecb763672fea18f8918198e1d3e1ca8b697aa825,6000,4950,0,0.50000000,0.09090909,1.00000000,0.16666667,0.08666667,0.00000000,0.00000000,1.00000000,1.00000000,0.00000000
IndependentWeighted,51,without_amount,BalanceRank,d0ec53ab722154f3dacd14aaecb763672fea18f8918198e1d3e1ca8b697aa825,6000,4950,0,0.90891556,0.19266055,0.93333333,0.31939163,0.63333333,0.00041905,0.09455928,0.86203792,0.45279621,0.40924172
IndependentWeighted,51,without_sequence,composite,d0ec53ab722154f3dacd14aaecb763672fea18f8918198e1d3e1ca8b697aa825,6000,4950,0,1.00000000,0.51194539,1.00000000,0.67720090,1.00000000,0.00000000,0.00000000,,,
IndependentWeighted,51,without_sequence,Timing,d0ec53ab722154f3dacd14aaecb763672fea18f8918198e1d3e1ca8b697aa825,6000,4950,0,0.47513975,0.09090909,1.00000000,0.16666667,0.07333333,0.00000000,0.00000000,0.79542916,0.79847027,-0.00304110
IndependentWeighted,51,without_sequence,Amount,d0ec53ab722154f3dacd14aaecb763672fea18f8918198e1d3e1ca8b697aa825,6000,4950,0,0.50394123,0.09090909,1.00000000,0.16666667,0.08222222,0.00000000,0.00000000,0.75789380,0.75740226,0.00049154
IndependentWeighted,51,without_sequence,Sequence,d0ec53ab722154f3dacd14aaecb763672fea18f8918198e1d3e1ca8b697aa825,6000,4950,0,0.50780790,0.09101942,1.00000000,0.16685206,0.08222222,0.00000000,0.00000000,0.86413570,0.86319128,0.00094442
IndependentWeighted,51,without_sequence,Destination,d0ec53ab722154f3dacd14aaecb763672fea18f8918198e1d3e1ca8b697aa825,6000,4950,0,0.51075284,0.09094600,0.99555556,0.16666667,0.09333333,0.00000000,0.00000000,0.74770986,0.74490242,0.00280744
IndependentWeighted,51,without_sequence,Synchrony,d0ec53ab722154f3dacd14aaecb763672fea18f8918198e1d3e1ca8b697aa825,6000,4950,0,0.50716321,0.00000000,0.00000000,0.00000000,0.08000000,0.00000000,0.70710678,0.00455556,0.00421852,0.00033704
IndependentWeighted,51,without_sequence,Funding,d0ec53ab722154f3dacd14aaecb763672fea18f8918198e1d3e1ca8b697aa825,6000,4950,0,1.00000000,1.00000000,1.00000000,1.00000000,1.00000000,1.00000000,1.00000000,1.00000000,0.00000000,1.00000000
IndependentWeighted,51,without_sequence,Route,d0ec53ab722154f3dacd14aaecb763672fea18f8918198e1d3e1ca8b697aa825,6000,4950,0,0.50000000,0.09090909,1.00000000,0.16666667,0.08666667,0.00000000,0.00000000,1.00000000,1.00000000,0.00000000
IndependentWeighted,51,without_sequence,BalanceRank,d0ec53ab722154f3dacd14aaecb763672fea18f8918198e1d3e1ca8b697aa825,6000,4950,0,0.90891556,0.19266055,0.93333333,0.31939163,0.63333333,0.00041905,0.09455928,0.86203792,0.45279621,0.40924172
IndependentWeighted,51,without_synchrony,composite,d0ec53ab722154f3dacd14aaecb763672fea18f8918198e1d3e1ca8b697aa825,6000,4950,0,1.00000000,0.09090909,1.00000000,0.16666667,1.00000000,0.00000000,0.00000000,,,
IndependentWeighted,51,without_synchrony,Timing,d0ec53ab722154f3dacd14aaecb763672fea18f8918198e1d3e1ca8b697aa825,6000,4950,0,0.47513975,0.09090909,1.00000000,0.16666667,0.07333333,0.00000000,0.00000000,0.79542916,0.79847027,-0.00304110
IndependentWeighted,51,without_synchrony,Amount,d0ec53ab722154f3dacd14aaecb763672fea18f8918198e1d3e1ca8b697aa825,6000,4950,0,0.50394123,0.09090909,1.00000000,0.16666667,0.08222222,0.00000000,0.00000000,0.75789380,0.75740226,0.00049154
IndependentWeighted,51,without_synchrony,Sequence,d0ec53ab722154f3dacd14aaecb763672fea18f8918198e1d3e1ca8b697aa825,6000,4950,0,0.50780790,0.09101942,1.00000000,0.16685206,0.08222222,0.00000000,0.00000000,0.86413570,0.86319128,0.00094442
IndependentWeighted,51,without_synchrony,Destination,d0ec53ab722154f3dacd14aaecb763672fea18f8918198e1d3e1ca8b697aa825,6000,4950,0,0.51075284,0.09094600,0.99555556,0.16666667,0.09333333,0.00000000,0.00000000,0.74770986,0.74490242,0.00280744
IndependentWeighted,51,without_synchrony,Synchrony,d0ec53ab722154f3dacd14aaecb763672fea18f8918198e1d3e1ca8b697aa825,6000,4950,0,0.50716321,0.00000000,0.00000000,0.00000000,0.08000000,0.00000000,0.70710678,0.00455556,0.00421852,0.00033704
IndependentWeighted,51,without_synchrony,Funding,d0ec53ab722154f3dacd14aaecb763672fea18f8918198e1d3e1ca8b697aa825,6000,4950,0,1.00000000,1.00000000,1.00000000,1.00000000,1.00000000,1.00000000,1.00000000,1.00000000,0.00000000,1.00000000
IndependentWeighted,51,without_synchrony,Route,d0ec53ab722154f3dacd14aaecb763672fea18f8918198e1d3e1ca8b697aa825,6000,4950,0,0.50000000,0.09090909,1.00000000,0.16666667,0.08666667,0.00000000,0.00000000,1.00000000,1.00000000,0.00000000
IndependentWeighted,51,without_synchrony,BalanceRank,d0ec53ab722154f3dacd14aaecb763672fea18f8918198e1d3e1ca8b697aa825,6000,4950,0,0.90891556,0.19266055,0.93333333,0.31939163,0.63333333,0.00041905,0.09455928,0.86203792,0.45279621,0.40924172
IndependentWeighted,51,without_funding,composite,d0ec53ab722154f3dacd14aaecb763672fea18f8918198e1d3e1ca8b697aa825,6000,4950,0,0.79470617,0.09090909,1.00000000,0.16666667,0.34222222,0.00000000,0.00000000,,,
IndependentWeighted,51,without_funding,Timing,d0ec53ab722154f3dacd14aaecb763672fea18f8918198e1d3e1ca8b697aa825,6000,4950,0,0.47513975,0.09090909,1.00000000,0.16666667,0.07333333,0.00000000,0.00000000,0.79542916,0.79847027,-0.00304110
IndependentWeighted,51,without_funding,Amount,d0ec53ab722154f3dacd14aaecb763672fea18f8918198e1d3e1ca8b697aa825,6000,4950,0,0.50394123,0.09090909,1.00000000,0.16666667,0.08222222,0.00000000,0.00000000,0.75789380,0.75740226,0.00049154
IndependentWeighted,51,without_funding,Sequence,d0ec53ab722154f3dacd14aaecb763672fea18f8918198e1d3e1ca8b697aa825,6000,4950,0,0.50780790,0.09101942,1.00000000,0.16685206,0.08222222,0.00000000,0.00000000,0.86413570,0.86319128,0.00094442
IndependentWeighted,51,without_funding,Destination,d0ec53ab722154f3dacd14aaecb763672fea18f8918198e1d3e1ca8b697aa825,6000,4950,0,0.51075284,0.09094600,0.99555556,0.16666667,0.09333333,0.00000000,0.00000000,0.74770986,0.74490242,0.00280744
IndependentWeighted,51,without_funding,Synchrony,d0ec53ab722154f3dacd14aaecb763672fea18f8918198e1d3e1ca8b697aa825,6000,4950,0,0.50716321,0.00000000,0.00000000,0.00000000,0.08000000,0.00000000,0.70710678,0.00455556,0.00421852,0.00033704
IndependentWeighted,51,without_funding,Funding,d0ec53ab722154f3dacd14aaecb763672fea18f8918198e1d3e1ca8b697aa825,6000,4950,0,1.00000000,1.00000000,1.00000000,1.00000000,1.00000000,1.00000000,1.00000000,1.00000000,0.00000000,1.00000000
IndependentWeighted,51,without_funding,Route,d0ec53ab722154f3dacd14aaecb763672fea18f8918198e1d3e1ca8b697aa825,6000,4950,0,0.50000000,0.09090909,1.00000000,0.16666667,0.08666667,0.00000000,0.00000000,1.00000000,1.00000000,0.00000000
IndependentWeighted,51,without_funding,BalanceRank,d0ec53ab722154f3dacd14aaecb763672fea18f8918198e1d3e1ca8b697aa825,6000,4950,0,0.90891556,0.19266055,0.93333333,0.31939163,0.63333333,0.00041905,0.09455928,0.86203792,0.45279621,0.40924172
IndependentWeighted,71,none,composite,07093805c874b892e1fc5dd5b46c80fc012c59244cf5c784009e7d50a929fd7a,6000,4950,0,1.00000000,0.10786194,1.00000000,0.19472090,1.00000000,0.00000000,0.00000000,,,
IndependentWeighted,71,none,Timing,07093805c874b892e1fc5dd5b46c80fc012c59244cf5c784009e7d50a929fd7a,6000,4950,0,0.51554667,0.09090909,1.00000000,0.16666667,0.09111111,0.00000000,0.00000000,0.80544620,0.80247541,0.00297079
IndependentWeighted,71,none,Amount,07093805c874b892e1fc5dd5b46c80fc012c59244cf5c784009e7d50a929fd7a,6000,4950,0,0.52919481,0.09090909,1.00000000,0.16666667,0.10222222,0.00000000,0.00000000,0.75961568,0.75670144,0.00291424
IndependentWeighted,71,none,Sequence,07093805c874b892e1fc5dd5b46c80fc012c59244cf5c784009e7d50a929fd7a,6000,4950,0,0.50463531,0.09092746,1.00000000,0.16669754,0.09555556,0.00000000,0.00000000,0.87072871,0.87032545,0.00040327
IndependentWeighted,71,none,Destination,07093805c874b892e1fc5dd5b46c80fc012c59244cf5c784009e7d50a929fd7a,6000,4950,0,0.51457556,0.09085391,0.99777778,0.16654303,0.09777778,0.00000000,0.00000000,0.74603405,0.74316287,0.00287118
IndependentWeighted,71,none,Synchrony,07093805c874b892e1fc5dd5b46c80fc012c59244cf5c784009e7d50a929fd7a,6000,4950,0,0.49423210,0.00000000,0.00000000,0.00000000,0.10222222,0.00000000,0.70710678,0.00414815,0.00425185,-0.00010370
IndependentWeighted,71,none,Funding,07093805c874b892e1fc5dd5b46c80fc012c59244cf5c784009e7d50a929fd7a,6000,4950,0,1.00000000,1.00000000,1.00000000,1.00000000,1.00000000,1.00000000,1.00000000,1.00000000,0.00000000,1.00000000
IndependentWeighted,71,none,Route,07093805c874b892e1fc5dd5b46c80fc012c59244cf5c784009e7d50a929fd7a,6000,4950,0,0.50000000,0.09090909,1.00000000,0.16666667,0.08666667,0.00000000,0.00000000,1.00000000,1.00000000,0.00000000
IndependentWeighted,71,none,BalanceRank,07093805c874b892e1fc5dd5b46c80fc012c59244cf5c784009e7d50a929fd7a,6000,4950,0,0.90891556,0.19266055,0.93333333,0.31939163,0.63333333,0.00041905,0.09455928,0.86203792,0.45279621,0.40924172
IndependentWeighted,71,without_timing,composite,07093805c874b892e1fc5dd5b46c80fc012c59244cf5c784009e7d50a929fd7a,6000,4950,0,1.00000000,0.47669492,1.00000000,0.64562410,1.00000000,0.00000000,0.00000000,,,
IndependentWeighted,71,without_timing,Timing,07093805c874b892e1fc5dd5b46c80fc012c59244cf5c784009e7d50a929fd7a,6000,4950,0,0.51554667,0.09090909,1.00000000,0.16666667,0.09111111,0.00000000,0.00000000,0.80544620,0.80247541,0.00297079
IndependentWeighted,71,without_timing,Amount,07093805c874b892e1fc5dd5b46c80fc012c59244cf5c784009e7d50a929fd7a,6000,4950,0,0.52919481,0.09090909,1.00000000,0.16666667,0.10222222,0.00000000,0.00000000,0.75961568,0.75670144,0.00291424
IndependentWeighted,71,without_timing,Sequence,07093805c874b892e1fc5dd5b46c80fc012c59244cf5c784009e7d50a929fd7a,6000,4950,0,0.50463531,0.09092746,1.00000000,0.16669754,0.09555556,0.00000000,0.00000000,0.87072871,0.87032545,0.00040327
IndependentWeighted,71,without_timing,Destination,07093805c874b892e1fc5dd5b46c80fc012c59244cf5c784009e7d50a929fd7a,6000,4950,0,0.51457556,0.09085391,0.99777778,0.16654303,0.09777778,0.00000000,0.00000000,0.74603405,0.74316287,0.00287118
IndependentWeighted,71,without_timing,Synchrony,07093805c874b892e1fc5dd5b46c80fc012c59244cf5c784009e7d50a929fd7a,6000,4950,0,0.49423210,0.00000000,0.00000000,0.00000000,0.10222222,0.00000000,0.70710678,0.00414815,0.00425185,-0.00010370
IndependentWeighted,71,without_timing,Funding,07093805c874b892e1fc5dd5b46c80fc012c59244cf5c784009e7d50a929fd7a,6000,4950,0,1.00000000,1.00000000,1.00000000,1.00000000,1.00000000,1.00000000,1.00000000,1.00000000,0.00000000,1.00000000
IndependentWeighted,71,without_timing,Route,07093805c874b892e1fc5dd5b46c80fc012c59244cf5c784009e7d50a929fd7a,6000,4950,0,0.50000000,0.09090909,1.00000000,0.16666667,0.08666667,0.00000000,0.00000000,1.00000000,1.00000000,0.00000000
IndependentWeighted,71,without_timing,BalanceRank,07093805c874b892e1fc5dd5b46c80fc012c59244cf5c784009e7d50a929fd7a,6000,4950,0,0.90891556,0.19266055,0.93333333,0.31939163,0.63333333,0.00041905,0.09455928,0.86203792,0.45279621,0.40924172
IndependentWeighted,71,without_amount,composite,07093805c874b892e1fc5dd5b46c80fc012c59244cf5c784009e7d50a929fd7a,6000,4950,0,1.00000000,0.23646873,1.00000000,0.38249044,1.00000000,0.00000000,0.00000000,,,
IndependentWeighted,71,without_amount,Timing,07093805c874b892e1fc5dd5b46c80fc012c59244cf5c784009e7d50a929fd7a,6000,4950,0,0.51554667,0.09090909,1.00000000,0.16666667,0.09111111,0.00000000,0.00000000,0.80544620,0.80247541,0.00297079
IndependentWeighted,71,without_amount,Amount,07093805c874b892e1fc5dd5b46c80fc012c59244cf5c784009e7d50a929fd7a,6000,4950,0,0.52919481,0.09090909,1.00000000,0.16666667,0.10222222,0.00000000,0.00000000,0.75961568,0.75670144,0.00291424
IndependentWeighted,71,without_amount,Sequence,07093805c874b892e1fc5dd5b46c80fc012c59244cf5c784009e7d50a929fd7a,6000,4950,0,0.50463531,0.09092746,1.00000000,0.16669754,0.09555556,0.00000000,0.00000000,0.87072871,0.87032545,0.00040327
IndependentWeighted,71,without_amount,Destination,07093805c874b892e1fc5dd5b46c80fc012c59244cf5c784009e7d50a929fd7a,6000,4950,0,0.51457556,0.09085391,0.99777778,0.16654303,0.09777778,0.00000000,0.00000000,0.74603405,0.74316287,0.00287118
IndependentWeighted,71,without_amount,Synchrony,07093805c874b892e1fc5dd5b46c80fc012c59244cf5c784009e7d50a929fd7a,6000,4950,0,0.49423210,0.00000000,0.00000000,0.00000000,0.10222222,0.00000000,0.70710678,0.00414815,0.00425185,-0.00010370
IndependentWeighted,71,without_amount,Funding,07093805c874b892e1fc5dd5b46c80fc012c59244cf5c784009e7d50a929fd7a,6000,4950,0,1.00000000,1.00000000,1.00000000,1.00000000,1.00000000,1.00000000,1.00000000,1.00000000,0.00000000,1.00000000
IndependentWeighted,71,without_amount,Route,07093805c874b892e1fc5dd5b46c80fc012c59244cf5c784009e7d50a929fd7a,6000,4950,0,0.50000000,0.09090909,1.00000000,0.16666667,0.08666667,0.00000000,0.00000000,1.00000000,1.00000000,0.00000000
IndependentWeighted,71,without_amount,BalanceRank,07093805c874b892e1fc5dd5b46c80fc012c59244cf5c784009e7d50a929fd7a,6000,4950,0,0.90891556,0.19266055,0.93333333,0.31939163,0.63333333,0.00041905,0.09455928,0.86203792,0.45279621,0.40924172
IndependentWeighted,71,without_sequence,composite,07093805c874b892e1fc5dd5b46c80fc012c59244cf5c784009e7d50a929fd7a,6000,4950,0,1.00000000,0.53444181,1.00000000,0.69659443,1.00000000,0.04347826,0.37574159,,,
IndependentWeighted,71,without_sequence,Timing,07093805c874b892e1fc5dd5b46c80fc012c59244cf5c784009e7d50a929fd7a,6000,4950,0,0.51554667,0.09090909,1.00000000,0.16666667,0.09111111,0.00000000,0.00000000,0.80544620,0.80247541,0.00297079
IndependentWeighted,71,without_sequence,Amount,07093805c874b892e1fc5dd5b46c80fc012c59244cf5c784009e7d50a929fd7a,6000,4950,0,0.52919481,0.09090909,1.00000000,0.16666667,0.10222222,0.00000000,0.00000000,0.75961568,0.75670144,0.00291424
IndependentWeighted,71,without_sequence,Sequence,07093805c874b892e1fc5dd5b46c80fc012c59244cf5c784009e7d50a929fd7a,6000,4950,0,0.50463531,0.09092746,1.00000000,0.16669754,0.09555556,0.00000000,0.00000000,0.87072871,0.87032545,0.00040327
IndependentWeighted,71,without_sequence,Destination,07093805c874b892e1fc5dd5b46c80fc012c59244cf5c784009e7d50a929fd7a,6000,4950,0,0.51457556,0.09085391,0.99777778,0.16654303,0.09777778,0.00000000,0.00000000,0.74603405,0.74316287,0.00287118
IndependentWeighted,71,without_sequence,Synchrony,07093805c874b892e1fc5dd5b46c80fc012c59244cf5c784009e7d50a929fd7a,6000,4950,0,0.49423210,0.00000000,0.00000000,0.00000000,0.10222222,0.00000000,0.70710678,0.00414815,0.00425185,-0.00010370
IndependentWeighted,71,without_sequence,Funding,07093805c874b892e1fc5dd5b46c80fc012c59244cf5c784009e7d50a929fd7a,6000,4950,0,1.00000000,1.00000000,1.00000000,1.00000000,1.00000000,1.00000000,1.00000000,1.00000000,0.00000000,1.00000000
IndependentWeighted,71,without_sequence,Route,07093805c874b892e1fc5dd5b46c80fc012c59244cf5c784009e7d50a929fd7a,6000,4950,0,0.50000000,0.09090909,1.00000000,0.16666667,0.08666667,0.00000000,0.00000000,1.00000000,1.00000000,0.00000000
IndependentWeighted,71,without_sequence,BalanceRank,07093805c874b892e1fc5dd5b46c80fc012c59244cf5c784009e7d50a929fd7a,6000,4950,0,0.90891556,0.19266055,0.93333333,0.31939163,0.63333333,0.00041905,0.09455928,0.86203792,0.45279621,0.40924172
IndependentWeighted,71,without_synchrony,composite,07093805c874b892e1fc5dd5b46c80fc012c59244cf5c784009e7d50a929fd7a,6000,4950,0,1.00000000,0.09090909,1.00000000,0.16666667,1.00000000,0.00000000,0.00000000,,,
IndependentWeighted,71,without_synchrony,Timing,07093805c874b892e1fc5dd5b46c80fc012c59244cf5c784009e7d50a929fd7a,6000,4950,0,0.51554667,0.09090909,1.00000000,0.16666667,0.09111111,0.00000000,0.00000000,0.80544620,0.80247541,0.00297079
IndependentWeighted,71,without_synchrony,Amount,07093805c874b892e1fc5dd5b46c80fc012c59244cf5c784009e7d50a929fd7a,6000,4950,0,0.52919481,0.09090909,1.00000000,0.16666667,0.10222222,0.00000000,0.00000000,0.75961568,0.75670144,0.00291424
IndependentWeighted,71,without_synchrony,Sequence,07093805c874b892e1fc5dd5b46c80fc012c59244cf5c784009e7d50a929fd7a,6000,4950,0,0.50463531,0.09092746,1.00000000,0.16669754,0.09555556,0.00000000,0.00000000,0.87072871,0.87032545,0.00040327
IndependentWeighted,71,without_synchrony,Destination,07093805c874b892e1fc5dd5b46c80fc012c59244cf5c784009e7d50a929fd7a,6000,4950,0,0.51457556,0.09085391,0.99777778,0.16654303,0.09777778,0.00000000,0.00000000,0.74603405,0.74316287,0.00287118
IndependentWeighted,71,without_synchrony,Synchrony,07093805c874b892e1fc5dd5b46c80fc012c59244cf5c784009e7d50a929fd7a,6000,4950,0,0.49423210,0.00000000,0.00000000,0.00000000,0.10222222,0.00000000,0.70710678,0.00414815,0.00425185,-0.00010370
IndependentWeighted,71,without_synchrony,Funding,07093805c874b892e1fc5dd5b46c80fc012c59244cf5c784009e7d50a929fd7a,6000,4950,0,1.00000000,1.00000000,1.00000000,1.00000000,1.00000000,1.00000000,1.00000000,1.00000000,0.00000000,1.00000000
IndependentWeighted,71,without_synchrony,Route,07093805c874b892e1fc5dd5b46c80fc012c59244cf5c784009e7d50a929fd7a,6000,4950,0,0.50000000,0.09090909,1.00000000,0.16666667,0.08666667,0.00000000,0.00000000,1.00000000,1.00000000,0.00000000
IndependentWeighted,71,without_synchrony,BalanceRank,07093805c874b892e1fc5dd5b46c80fc012c59244cf5c784009e7d50a929fd7a,6000,4950,0,0.90891556,0.19266055,0.93333333,0.31939163,0.63333333,0.00041905,0.09455928,0.86203792,0.45279621,0.40924172
IndependentWeighted,71,without_funding,composite,07093805c874b892e1fc5dd5b46c80fc012c59244cf5c784009e7d50a929fd7a,6000,4950,0,0.81972395,0.09090909,1.00000000,0.16666667,0.39333333,0.00000000,0.00000000,,,
IndependentWeighted,71,without_funding,Timing,07093805c874b892e1fc5dd5b46c80fc012c59244cf5c784009e7d50a929fd7a,6000,4950,0,0.51554667,0.09090909,1.00000000,0.16666667,0.09111111,0.00000000,0.00000000,0.80544620,0.80247541,0.00297079
IndependentWeighted,71,without_funding,Amount,07093805c874b892e1fc5dd5b46c80fc012c59244cf5c784009e7d50a929fd7a,6000,4950,0,0.52919481,0.09090909,1.00000000,0.16666667,0.10222222,0.00000000,0.00000000,0.75961568,0.75670144,0.00291424
IndependentWeighted,71,without_funding,Sequence,07093805c874b892e1fc5dd5b46c80fc012c59244cf5c784009e7d50a929fd7a,6000,4950,0,0.50463531,0.09092746,1.00000000,0.16669754,0.09555556,0.00000000,0.00000000,0.87072871,0.87032545,0.00040327
IndependentWeighted,71,without_funding,Destination,07093805c874b892e1fc5dd5b46c80fc012c59244cf5c784009e7d50a929fd7a,6000,4950,0,0.51457556,0.09085391,0.99777778,0.16654303,0.09777778,0.00000000,0.00000000,0.74603405,0.74316287,0.00287118
IndependentWeighted,71,without_funding,Synchrony,07093805c874b892e1fc5dd5b46c80fc012c59244cf5c784009e7d50a929fd7a,6000,4950,0,0.49423210,0.00000000,0.00000000,0.00000000,0.10222222,0.00000000,0.70710678,0.00414815,0.00425185,-0.00010370
IndependentWeighted,71,without_funding,Funding,07093805c874b892e1fc5dd5b46c80fc012c59244cf5c784009e7d50a929fd7a,6000,4950,0,1.00000000,1.00000000,1.00000000,1.00000000,1.00000000,1.00000000,1.00000000,1.00000000,0.00000000,1.00000000
IndependentWeighted,71,without_funding,Route,07093805c874b892e1fc5dd5b46c80fc012c59244cf5c784009e7d50a929fd7a,6000,4950,0,0.50000000,0.09090909,1.00000000,0.16666667,0.08666667,0.00000000,0.00000000,1.00000000,1.00000000,0.00000000
IndependentWeighted,71,without_funding,BalanceRank,07093805c874b892e1fc5dd5b46c80fc012c59244cf5c784009e7d50a929fd7a,6000,4950,0,0.90891556,0.19266055,0.93333333,0.31939163,0.63333333,0.00041905,0.09455928,0.86203792,0.45279621,0.40924172
PersonaSession,11,none,composite,d476e66b88ba02e8cf8a82f6b0e85bca58ce97eaa4433b40db0179e2cfb44513,6000,4950,0,0.98172988,0.69040248,0.99111111,0.81386861,0.79111111,0.00000000,0.00000000,,,
PersonaSession,11,none,Timing,d476e66b88ba02e8cf8a82f6b0e85bca58ce97eaa4433b40db0179e2cfb44513,6000,4950,0,0.49993160,0.10071942,0.09333333,0.09688581,0.10000000,-0.00643905,0.04365966,0.35050141,0.34824151,0.00225990
PersonaSession,11,none,Amount,d476e66b88ba02e8cf8a82f6b0e85bca58ce97eaa4433b40db0179e2cfb44513,6000,4950,0,0.49825975,0.09090909,1.00000000,0.16666667,0.10222222,0.00000000,0.00000000,0.74164069,0.74209759,-0.00045690
PersonaSession,11,none,Sequence,d476e66b88ba02e8cf8a82f6b0e85bca58ce97eaa4433b40db0179e2cfb44513,6000,4950,0,0.47474444,0.09125938,1.00000000,0.16725516,0.07111111,0.00000000,0.00000000,0.80429767,0.80949406,-0.00519639
PersonaSession,11,none,Destination,d476e66b88ba02e8cf8a82f6b0e85bca58ce97eaa4433b40db0179e2cfb44513,6000,4950,0,0.49768395,0.14906832,0.05333333,0.07855974,0.10666667,-0.00091694,0.25368742,0.43963982,0.43975783,-0.00011802
PersonaSession,11,none,Synchrony,d476e66b88ba02e8cf8a82f6b0e85bca58ce97eaa4433b40db0179e2cfb44513,6000,4950,0,0.49188370,0.05494505,0.01111111,0.01848429,0.07111111,-0.01248050,0.64119065,0.01270370,0.01997778,-0.00727407
PersonaSession,11,none,Funding,d476e66b88ba02e8cf8a82f6b0e85bca58ce97eaa4433b40db0179e2cfb44513,6000,4950,0,1.00000000,1.00000000,1.00000000,1.00000000,1.00000000,1.00000000,1.00000000,1.00000000,0.00000000,1.00000000
PersonaSession,11,none,Route,d476e66b88ba02e8cf8a82f6b0e85bca58ce97eaa4433b40db0179e2cfb44513,6000,4950,0,0.50000000,0.09090909,1.00000000,0.16666667,0.08666667,0.00000000,0.00000000,1.00000000,1.00000000,0.00000000
PersonaSession,11,none,BalanceRank,d476e66b88ba02e8cf8a82f6b0e85bca58ce97eaa4433b40db0179e2cfb44513,6000,4950,0,0.90891556,0.19266055,0.93333333,0.31939163,0.63333333,0.00041905,0.09455928,0.86203792,0.45279621,0.40924172
PersonaSession,11,without_timing,composite,d476e66b88ba02e8cf8a82f6b0e85bca58ce97eaa4433b40db0179e2cfb44513,6000,4950,0,0.99876000,0.83955224,1.00000000,0.91277890,0.95777778,0.00000000,0.00000000,,,
PersonaSession,11,without_timing,Timing,d476e66b88ba02e8cf8a82f6b0e85bca58ce97eaa4433b40db0179e2cfb44513,6000,4950,0,0.49993160,0.10071942,0.09333333,0.09688581,0.10000000,-0.00643905,0.04365966,0.35050141,0.34824151,0.00225990
PersonaSession,11,without_timing,Amount,d476e66b88ba02e8cf8a82f6b0e85bca58ce97eaa4433b40db0179e2cfb44513,6000,4950,0,0.49825975,0.09090909,1.00000000,0.16666667,0.10222222,0.00000000,0.00000000,0.74164069,0.74209759,-0.00045690
PersonaSession,11,without_timing,Sequence,d476e66b88ba02e8cf8a82f6b0e85bca58ce97eaa4433b40db0179e2cfb44513,6000,4950,0,0.47474444,0.09125938,1.00000000,0.16725516,0.07111111,0.00000000,0.00000000,0.80429767,0.80949406,-0.00519639
PersonaSession,11,without_timing,Destination,d476e66b88ba02e8cf8a82f6b0e85bca58ce97eaa4433b40db0179e2cfb44513,6000,4950,0,0.49768395,0.14906832,0.05333333,0.07855974,0.10666667,-0.00091694,0.25368742,0.43963982,0.43975783,-0.00011802
PersonaSession,11,without_timing,Synchrony,d476e66b88ba02e8cf8a82f6b0e85bca58ce97eaa4433b40db0179e2cfb44513,6000,4950,0,0.49188370,0.05494505,0.01111111,0.01848429,0.07111111,-0.01248050,0.64119065,0.01270370,0.01997778,-0.00727407
PersonaSession,11,without_timing,Funding,d476e66b88ba02e8cf8a82f6b0e85bca58ce97eaa4433b40db0179e2cfb44513,6000,4950,0,1.00000000,1.00000000,1.00000000,1.00000000,1.00000000,1.00000000,1.00000000,1.00000000,0.00000000,1.00000000
PersonaSession,11,without_timing,Route,d476e66b88ba02e8cf8a82f6b0e85bca58ce97eaa4433b40db0179e2cfb44513,6000,4950,0,0.50000000,0.09090909,1.00000000,0.16666667,0.08666667,0.00000000,0.00000000,1.00000000,1.00000000,0.00000000
PersonaSession,11,without_timing,BalanceRank,d476e66b88ba02e8cf8a82f6b0e85bca58ce97eaa4433b40db0179e2cfb44513,6000,4950,0,0.90891556,0.19266055,0.93333333,0.31939163,0.63333333,0.00041905,0.09455928,0.86203792,0.45279621,0.40924172
PersonaSession,11,without_amount,composite,d476e66b88ba02e8cf8a82f6b0e85bca58ce97eaa4433b40db0179e2cfb44513,6000,4950,0,0.98192889,0.76111111,0.91333333,0.83030303,0.78666667,0.00000000,0.00000000,,,
PersonaSession,11,without_amount,Timing,d476e66b88ba02e8cf8a82f6b0e85bca58ce97eaa4433b40db0179e2cfb44513,6000,4950,0,0.49993160,0.10071942,0.09333333,0.09688581,0.10000000,-0.00643905,0.04365966,0.35050141,0.34824151,0.00225990
PersonaSession,11,without_amount,Amount,d476e66b88ba02e8cf8a82f6b0e85bca58ce97eaa4433b40db0179e2cfb44513,6000,4950,0,0.49825975,0.09090909,1.00000000,0.16666667,0.10222222,0.00000000,0.00000000,0.74164069,0.74209759,-0.00045690
PersonaSession,11,without_amount,Sequence,d476e66b88ba02e8cf8a82f6b0e85bca58ce97eaa4433b40db0179e2cfb44513,6000,4950,0,0.47474444,0.09125938,1.00000000,0.16725516,0.07111111,0.00000000,0.00000000,0.80429767,0.80949406,-0.00519639
PersonaSession,11,without_amount,Destination,d476e66b88ba02e8cf8a82f6b0e85bca58ce97eaa4433b40db0179e2cfb44513,6000,4950,0,0.49768395,0.14906832,0.05333333,0.07855974,0.10666667,-0.00091694,0.25368742,0.43963982,0.43975783,-0.00011802
PersonaSession,11,without_amount,Synchrony,d476e66b88ba02e8cf8a82f6b0e85bca58ce97eaa4433b40db0179e2cfb44513,6000,4950,0,0.49188370,0.05494505,0.01111111,0.01848429,0.07111111,-0.01248050,0.64119065,0.01270370,0.01997778,-0.00727407
PersonaSession,11,without_amount,Funding,d476e66b88ba02e8cf8a82f6b0e85bca58ce97eaa4433b40db0179e2cfb44513,6000,4950,0,1.00000000,1.00000000,1.00000000,1.00000000,1.00000000,1.00000000,1.00000000,1.00000000,0.00000000,1.00000000
PersonaSession,11,without_amount,Route,d476e66b88ba02e8cf8a82f6b0e85bca58ce97eaa4433b40db0179e2cfb44513,6000,4950,0,0.50000000,0.09090909,1.00000000,0.16666667,0.08666667,0.00000000,0.00000000,1.00000000,1.00000000,0.00000000
PersonaSession,11,without_amount,BalanceRank,d476e66b88ba02e8cf8a82f6b0e85bca58ce97eaa4433b40db0179e2cfb44513,6000,4950,0,0.90891556,0.19266055,0.93333333,0.31939163,0.63333333,0.00041905,0.09455928,0.86203792,0.45279621,0.40924172
PersonaSession,11,without_sequence,composite,d476e66b88ba02e8cf8a82f6b0e85bca58ce97eaa4433b40db0179e2cfb44513,6000,4950,0,0.98307605,0.80715706,0.90222222,0.85204617,0.80888889,0.00000000,0.00000000,,,
PersonaSession,11,without_sequence,Timing,d476e66b88ba02e8cf8a82f6b0e85bca58ce97eaa4433b40db0179e2cfb44513,6000,4950,0,0.49993160,0.10071942,0.09333333,0.09688581,0.10000000,-0.00643905,0.04365966,0.35050141,0.34824151,0.00225990
PersonaSession,11,without_sequence,Amount,d476e66b88ba02e8cf8a82f6b0e85bca58ce97eaa4433b40db0179e2cfb44513,6000,4950,0,0.49825975,0.09090909,1.00000000,0.16666667,0.10222222,0.00000000,0.00000000,0.74164069,0.74209759,-0.00045690
PersonaSession,11,without_sequence,Sequence,d476e66b88ba02e8cf8a82f6b0e85bca58ce97eaa4433b40db0179e2cfb44513,6000,4950,0,0.47474444,0.09125938,1.00000000,0.16725516,0.07111111,0.00000000,0.00000000,0.80429767,0.80949406,-0.00519639
PersonaSession,11,without_sequence,Destination,d476e66b88ba02e8cf8a82f6b0e85bca58ce97eaa4433b40db0179e2cfb44513,6000,4950,0,0.49768395,0.14906832,0.05333333,0.07855974,0.10666667,-0.00091694,0.25368742,0.43963982,0.43975783,-0.00011802
PersonaSession,11,without_sequence,Synchrony,d476e66b88ba02e8cf8a82f6b0e85bca58ce97eaa4433b40db0179e2cfb44513,6000,4950,0,0.49188370,0.05494505,0.01111111,0.01848429,0.07111111,-0.01248050,0.64119065,0.01270370,0.01997778,-0.00727407
PersonaSession,11,without_sequence,Funding,d476e66b88ba02e8cf8a82f6b0e85bca58ce97eaa4433b40db0179e2cfb44513,6000,4950,0,1.00000000,1.00000000,1.00000000,1.00000000,1.00000000,1.00000000,1.00000000,1.00000000,0.00000000,1.00000000
PersonaSession,11,without_sequence,Route,d476e66b88ba02e8cf8a82f6b0e85bca58ce97eaa4433b40db0179e2cfb44513,6000,4950,0,0.50000000,0.09090909,1.00000000,0.16666667,0.08666667,0.00000000,0.00000000,1.00000000,1.00000000,0.00000000
PersonaSession,11,without_sequence,BalanceRank,d476e66b88ba02e8cf8a82f6b0e85bca58ce97eaa4433b40db0179e2cfb44513,6000,4950,0,0.90891556,0.19266055,0.93333333,0.31939163,0.63333333,0.00041905,0.09455928,0.86203792,0.45279621,0.40924172
PersonaSession,11,without_synchrony,composite,d476e66b88ba02e8cf8a82f6b0e85bca58ce97eaa4433b40db0179e2cfb44513,6000,4950,0,0.99714765,0.43689320,1.00000000,0.60810811,0.90000000,0.00000000,0.00000000,,,
PersonaSession,11,without_synchrony,Timing,d476e66b88ba02e8cf8a82f6b0e85bca58ce97eaa4433b40db0179e2cfb44513,6000,4950,0,0.49993160,0.10071942,0.09333333,0.09688581,0.10000000,-0.00643905,0.04365966,0.35050141,0.34824151,0.00225990
PersonaSession,11,without_synchrony,Amount,d476e66b88ba02e8cf8a82f6b0e85bca58ce97eaa4433b40db0179e2cfb44513,6000,4950,0,0.49825975,0.09090909,1.00000000,0.16666667,0.10222222,0.00000000,0.00000000,0.74164069,0.74209759,-0.00045690
PersonaSession,11,without_synchrony,Sequence,d476e66b88ba02e8cf8a82f6b0e85bca58ce97eaa4433b40db0179e2cfb44513,6000,4950,0,0.47474444,0.09125938,1.00000000,0.16725516,0.07111111,0.00000000,0.00000000,0.80429767,0.80949406,-0.00519639
PersonaSession,11,without_synchrony,Destination,d476e66b88ba02e8cf8a82f6b0e85bca58ce97eaa4433b40db0179e2cfb44513,6000,4950,0,0.49768395,0.14906832,0.05333333,0.07855974,0.10666667,-0.00091694,0.25368742,0.43963982,0.43975783,-0.00011802
PersonaSession,11,without_synchrony,Synchrony,d476e66b88ba02e8cf8a82f6b0e85bca58ce97eaa4433b40db0179e2cfb44513,6000,4950,0,0.49188370,0.05494505,0.01111111,0.01848429,0.07111111,-0.01248050,0.64119065,0.01270370,0.01997778,-0.00727407
PersonaSession,11,without_synchrony,Funding,d476e66b88ba02e8cf8a82f6b0e85bca58ce97eaa4433b40db0179e2cfb44513,6000,4950,0,1.00000000,1.00000000,1.00000000,1.00000000,1.00000000,1.00000000,1.00000000,1.00000000,0.00000000,1.00000000
PersonaSession,11,without_synchrony,Route,d476e66b88ba02e8cf8a82f6b0e85bca58ce97eaa4433b40db0179e2cfb44513,6000,4950,0,0.50000000,0.09090909,1.00000000,0.16666667,0.08666667,0.00000000,0.00000000,1.00000000,1.00000000,0.00000000
PersonaSession,11,without_synchrony,BalanceRank,d476e66b88ba02e8cf8a82f6b0e85bca58ce97eaa4433b40db0179e2cfb44513,6000,4950,0,0.90891556,0.19266055,0.93333333,0.31939163,0.63333333,0.00041905,0.09455928,0.86203792,0.45279621,0.40924172
PersonaSession,11,without_funding,composite,d476e66b88ba02e8cf8a82f6b0e85bca58ce97eaa4433b40db0179e2cfb44513,6000,4950,0,0.75683259,0.19422572,0.32888889,0.24422442,0.14000000,0.00000000,0.00000000,,,
PersonaSession,11,without_funding,Timing,d476e66b88ba02e8cf8a82f6b0e85bca58ce97eaa4433b40db0179e2cfb44513,6000,4950,0,0.49993160,0.10071942,0.09333333,0.09688581,0.10000000,-0.00643905,0.04365966,0.35050141,0.34824151,0.00225990
PersonaSession,11,without_funding,Amount,d476e66b88ba02e8cf8a82f6b0e85bca58ce97eaa4433b40db0179e2cfb44513,6000,4950,0,0.49825975,0.09090909,1.00000000,0.16666667,0.10222222,0.00000000,0.00000000,0.74164069,0.74209759,-0.00045690
PersonaSession,11,without_funding,Sequence,d476e66b88ba02e8cf8a82f6b0e85bca58ce97eaa4433b40db0179e2cfb44513,6000,4950,0,0.47474444,0.09125938,1.00000000,0.16725516,0.07111111,0.00000000,0.00000000,0.80429767,0.80949406,-0.00519639
PersonaSession,11,without_funding,Destination,d476e66b88ba02e8cf8a82f6b0e85bca58ce97eaa4433b40db0179e2cfb44513,6000,4950,0,0.49768395,0.14906832,0.05333333,0.07855974,0.10666667,-0.00091694,0.25368742,0.43963982,0.43975783,-0.00011802
PersonaSession,11,without_funding,Synchrony,d476e66b88ba02e8cf8a82f6b0e85bca58ce97eaa4433b40db0179e2cfb44513,6000,4950,0,0.49188370,0.05494505,0.01111111,0.01848429,0.07111111,-0.01248050,0.64119065,0.01270370,0.01997778,-0.00727407
PersonaSession,11,without_funding,Funding,d476e66b88ba02e8cf8a82f6b0e85bca58ce97eaa4433b40db0179e2cfb44513,6000,4950,0,1.00000000,1.00000000,1.00000000,1.00000000,1.00000000,1.00000000,1.00000000,1.00000000,0.00000000,1.00000000
PersonaSession,11,without_funding,Route,d476e66b88ba02e8cf8a82f6b0e85bca58ce97eaa4433b40db0179e2cfb44513,6000,4950,0,0.50000000,0.09090909,1.00000000,0.16666667,0.08666667,0.00000000,0.00000000,1.00000000,1.00000000,0.00000000
PersonaSession,11,without_funding,BalanceRank,d476e66b88ba02e8cf8a82f6b0e85bca58ce97eaa4433b40db0179e2cfb44513,6000,4950,0,0.90891556,0.19266055,0.93333333,0.31939163,0.63333333,0.00041905,0.09455928,0.86203792,0.45279621,0.40924172
PersonaSession,23,none,composite,77971e95a14d7354c6b8932da0e8951a9fa0b4dffbbfcf7bac81ef331d90c3af,6000,4950,0,0.98025481,0.67275495,0.98222222,0.79855465,0.76000000,0.00000000,0.00000000,,,
PersonaSession,23,none,Timing,77971e95a14d7354c6b8932da0e8951a9fa0b4dffbbfcf7bac81ef331d90c3af,6000,4950,0,0.49679012,0.09708738,0.08888889,0.09280742,0.09555556,0.00227487,0.09470673,0.35167766,0.35053316,0.00114450
PersonaSession,23,none,Amount,77971e95a14d7354c6b8932da0e8951a9fa0b4dffbbfcf7bac81ef331d90c3af,6000,4950,0,0.48876593,0.09090909,1.00000000,0.16666667,0.08444444,0.00000000,0.00000000,0.74883844,0.75001372,-0.00117528
PersonaSession,23,none,Sequence,77971e95a14d7354c6b8932da0e8951a9fa0b4dffbbfcf7bac81ef331d90c3af,6000,4950,0,0.49855086,0.09035409,0.98666667,0.16554810,0.07111111,0.00000000,0.00000000,0.79330507,0.79434236,-0.00103729
PersonaSession,23,none,Destination,77971e95a14d7354c6b8932da0e8951a9fa0b4dffbbfcf7bac81ef331d90c3af,6000,4950,0,0.48487654,0.09467456,0.03555556,0.05169628,0.08666667,-0.00143369,0.24848949,0.44085191,0.44316370,-0.00231178
PersonaSession,23,none,Synchrony,77971e95a14d7354c6b8932da0e8951a9fa0b4dffbbfcf7bac81ef331d90c3af,6000,4950,0,0.50520000,0.08045977,0.01555556,0.02607076,0.10222222,-0.00485353,0.64730512,0.01903704,0.02041852,-0.00138148
PersonaSession,23,none,Funding,77971e95a14d7354c6b8932da0e8951a9fa0b4dffbbfcf7bac81ef331d90c3af,6000,4950,0,1.00000000,1.00000000,1.00000000,1.00000000,1.00000000,1.00000000,1.00000000,1.00000000,0.00000000,1.00000000
PersonaSession,23,none,Route,77971e95a14d7354c6b8932da0e8951a9fa0b4dffbbfcf7bac81ef331d90c3af,6000,4950,0,0.50000000,0.09090909,1.00000000,0.16666667,0.08666667,0.00000000,0.00000000,1.00000000,1.00000000,0.00000000
PersonaSession,23,none,BalanceRank,77971e95a14d7354c6b8932da0e8951a9fa0b4dffbbfcf7bac81ef331d90c3af,6000,4950,0,0.90891556,0.19266055,0.93333333,0.31939163,0.63333333,0.00041905,0.09455928,0.86203792,0.45279621,0.40924172
PersonaSession,23,without_timing,composite,77971e95a14d7354c6b8932da0e8951a9fa0b4dffbbfcf7bac81ef331d90c3af,6000,4950,0,0.99847210,0.84427767,1.00000000,0.91556460,0.93111111,0.09941520,0.52680927,,,
PersonaSession,23,without_timing,Timing,77971e95a14d7354c6b8932da0e8951a9fa0b4dffbbfcf7bac81ef331d90c3af,6000,4950,0,0.49679012,0.09708738,0.08888889,0.09280742,0.09555556,0.00227487,0.09470673,0.35167766,0.35053316,0.00114450
PersonaSession,23,without_timing,Amount,77971e95a14d7354c6b8932da0e8951a9fa0b4dffbbfcf7bac81ef331d90c3af,6000,4950,0,0.48876593,0.09090909,1.00000000,0.16666667,0.08444444,0.00000000,0.00000000,0.74883844,0.75001372,-0.00117528
PersonaSession,23,without_timing,Sequence,77971e95a14d7354c6b8932da0e8951a9fa0b4dffbbfcf7bac81ef331d90c3af,6000,4950,0,0.49855086,0.09035409,0.98666667,0.16554810,0.07111111,0.00000000,0.00000000,0.79330507,0.79434236,-0.00103729
PersonaSession,23,without_timing,Destination,77971e95a14d7354c6b8932da0e8951a9fa0b4dffbbfcf7bac81ef331d90c3af,6000,4950,0,0.48487654,0.09467456,0.03555556,0.05169628,0.08666667,-0.00143369,0.24848949,0.44085191,0.44316370,-0.00231178
PersonaSession,23,without_timing,Synchrony,77971e95a14d7354c6b8932da0e8951a9fa0b4dffbbfcf7bac81ef331d90c3af,6000,4950,0,0.50520000,0.08045977,0.01555556,0.02607076,0.10222222,-0.00485353,0.64730512,0.01903704,0.02041852,-0.00138148
PersonaSession,23,without_timing,Funding,77971e95a14d7354c6b8932da0e8951a9fa0b4dffbbfcf7bac81ef331d90c3af,6000,4950,0,1.00000000,1.00000000,1.00000000,1.00000000,1.00000000,1.00000000,1.00000000,1.00000000,0.00000000,1.00000000
PersonaSession,23,without_timing,Route,77971e95a14d7354c6b8932da0e8951a9fa0b4dffbbfcf7bac81ef331d90c3af,6000,4950,0,0.50000000,0.09090909,1.00000000,0.16666667,0.08666667,0.00000000,0.00000000,1.00000000,1.00000000,0.00000000
PersonaSession,23,without_timing,BalanceRank,77971e95a14d7354c6b8932da0e8951a9fa0b4dffbbfcf7bac81ef331d90c3af,6000,4950,0,0.90891556,0.19266055,0.93333333,0.31939163,0.63333333,0.00041905,0.09455928,0.86203792,0.45279621,0.40924172
PersonaSession,23,without_amount,composite,77971e95a14d7354c6b8932da0e8951a9fa0b4dffbbfcf7bac81ef331d90c3af,6000,4950,0,0.98034667,0.74629630,0.89555556,0.81414141,0.76222222,0.00000000,0.00000000,,,
PersonaSession,23,without_amount,Timing,77971e95a14d7354c6b8932da0e8951a9fa0b4dffbbfcf7bac81ef331d90c3af,6000,4950,0,0.49679012,0.09708738,0.08888889,0.09280742,0.09555556,0.00227487,0.09470673,0.35167766,0.35053316,0.00114450
PersonaSession,23,without_amount,Amount,77971e95a14d7354c6b8932da0e8951a9fa0b4dffbbfcf7bac81ef331d90c3af,6000,4950,0,0.48876593,0.09090909,1.00000000,0.16666667,0.08444444,0.00000000,0.00000000,0.74883844,0.75001372,-0.00117528
PersonaSession,23,without_amount,Sequence,77971e95a14d7354c6b8932da0e8951a9fa0b4dffbbfcf7bac81ef331d90c3af,6000,4950,0,0.49855086,0.09035409,0.98666667,0.16554810,0.07111111,0.00000000,0.00000000,0.79330507,0.79434236,-0.00103729
PersonaSession,23,without_amount,Destination,77971e95a14d7354c6b8932da0e8951a9fa0b4dffbbfcf7bac81ef331d90c3af,6000,4950,0,0.48487654,0.09467456,0.03555556,0.05169628,0.08666667,-0.00143369,0.24848949,0.44085191,0.44316370,-0.00231178
PersonaSession,23,without_amount,Synchrony,77971e95a14d7354c6b8932da0e8951a9fa0b4dffbbfcf7bac81ef331d90c3af,6000,4950,0,0.50520000,0.08045977,0.01555556,0.02607076,0.10222222,-0.00485353,0.64730512,0.01903704,0.02041852,-0.00138148
PersonaSession,23,without_amount,Funding,77971e95a14d7354c6b8932da0e8951a9fa0b4dffbbfcf7bac81ef331d90c3af,6000,4950,0,1.00000000,1.00000000,1.00000000,1.00000000,1.00000000,1.00000000,1.00000000,1.00000000,0.00000000,1.00000000
PersonaSession,23,without_amount,Route,77971e95a14d7354c6b8932da0e8951a9fa0b4dffbbfcf7bac81ef331d90c3af,6000,4950,0,0.50000000,0.09090909,1.00000000,0.16666667,0.08666667,0.00000000,0.00000000,1.00000000,1.00000000,0.00000000
PersonaSession,23,without_amount,BalanceRank,77971e95a14d7354c6b8932da0e8951a9fa0b4dffbbfcf7bac81ef331d90c3af,6000,4950,0,0.90891556,0.19266055,0.93333333,0.31939163,0.63333333,0.00041905,0.09455928,0.86203792,0.45279621,0.40924172
PersonaSession,23,without_sequence,composite,77971e95a14d7354c6b8932da0e8951a9fa0b4dffbbfcf7bac81ef331d90c3af,6000,4950,0,0.98243802,0.78612717,0.90666667,0.84210526,0.79333333,0.00000000,0.06542369,,,
PersonaSession,23,without_sequence,Timing,77971e95a14d7354c6b8932da0e8951a9fa0b4dffbbfcf7bac81ef331d90c3af,6000,4950,0,0.49679012,0.09708738,0.08888889,0.09280742,0.09555556,0.00227487,0.09470673,0.35167766,0.35053316,0.00114450
PersonaSession,23,without_sequence,Amount,77971e95a14d7354c6b8932da0e8951a9fa0b4dffbbfcf7bac81ef331d90c3af,6000,4950,0,0.48876593,0.09090909,1.00000000,0.16666667,0.08444444,0.00000000,0.00000000,0.74883844,0.75001372,-0.00117528
PersonaSession,23,without_sequence,Sequence,77971e95a14d7354c6b8932da0e8951a9fa0b4dffbbfcf7bac81ef331d90c3af,6000,4950,0,0.49855086,0.09035409,0.98666667,0.16554810,0.07111111,0.00000000,0.00000000,0.79330507,0.79434236,-0.00103729
PersonaSession,23,without_sequence,Destination,77971e95a14d7354c6b8932da0e8951a9fa0b4dffbbfcf7bac81ef331d90c3af,6000,4950,0,0.48487654,0.09467456,0.03555556,0.05169628,0.08666667,-0.00143369,0.24848949,0.44085191,0.44316370,-0.00231178
PersonaSession,23,without_sequence,Synchrony,77971e95a14d7354c6b8932da0e8951a9fa0b4dffbbfcf7bac81ef331d90c3af,6000,4950,0,0.50520000,0.08045977,0.01555556,0.02607076,0.10222222,-0.00485353,0.64730512,0.01903704,0.02041852,-0.00138148
PersonaSession,23,without_sequence,Funding,77971e95a14d7354c6b8932da0e8951a9fa0b4dffbbfcf7bac81ef331d90c3af,6000,4950,0,1.00000000,1.00000000,1.00000000,1.00000000,1.00000000,1.00000000,1.00000000,1.00000000,0.00000000,1.00000000
PersonaSession,23,without_sequence,Route,77971e95a14d7354c6b8932da0e8951a9fa0b4dffbbfcf7bac81ef331d90c3af,6000,4950,0,0.50000000,0.09090909,1.00000000,0.16666667,0.08666667,0.00000000,0.00000000,1.00000000,1.00000000,0.00000000
PersonaSession,23,without_sequence,BalanceRank,77971e95a14d7354c6b8932da0e8951a9fa0b4dffbbfcf7bac81ef331d90c3af,6000,4950,0,0.90891556,0.19266055,0.93333333,0.31939163,0.63333333,0.00041905,0.09455928,0.86203792,0.45279621,0.40924172
PersonaSession,23,without_synchrony,composite,77971e95a14d7354c6b8932da0e8951a9fa0b4dffbbfcf7bac81ef331d90c3af,6000,4950,0,0.99547259,0.42492918,1.00000000,0.59642147,0.88222222,0.00000000,0.00000000,,,
PersonaSession,23,without_synchrony,Timing,77971e95a14d7354c6b8932da0e8951a9fa0b4dffbbfcf7bac81ef331d90c3af,6000,4950,0,0.49679012,0.09708738,0.08888889,0.09280742,0.09555556,0.00227487,0.09470673,0.35167766,0.35053316,0.00114450
PersonaSession,23,without_synchrony,Amount,77971e95a14d7354c6b8932da0e8951a9fa0b4dffbbfcf7bac81ef331d90c3af,6000,4950,0,0.48876593,0.09090909,1.00000000,0.16666667,0.08444444,0.00000000,0.00000000,0.74883844,0.75001372,-0.00117528
PersonaSession,23,without_synchrony,Sequence,77971e95a14d7354c6b8932da0e8951a9fa0b4dffbbfcf7bac81ef331d90c3af,6000,4950,0,0.49855086,0.09035409,0.98666667,0.16554810,0.07111111,0.00000000,0.00000000,0.79330507,0.79434236,-0.00103729
PersonaSession,23,without_synchrony,Destination,77971e95a14d7354c6b8932da0e8951a9fa0b4dffbbfcf7bac81ef331d90c3af,6000,4950,0,0.48487654,0.09467456,0.03555556,0.05169628,0.08666667,-0.00143369,0.24848949,0.44085191,0.44316370,-0.00231178
PersonaSession,23,without_synchrony,Synchrony,77971e95a14d7354c6b8932da0e8951a9fa0b4dffbbfcf7bac81ef331d90c3af,6000,4950,0,0.50520000,0.08045977,0.01555556,0.02607076,0.10222222,-0.00485353,0.64730512,0.01903704,0.02041852,-0.00138148
PersonaSession,23,without_synchrony,Funding,77971e95a14d7354c6b8932da0e8951a9fa0b4dffbbfcf7bac81ef331d90c3af,6000,4950,0,1.00000000,1.00000000,1.00000000,1.00000000,1.00000000,1.00000000,1.00000000,1.00000000,0.00000000,1.00000000
PersonaSession,23,without_synchrony,Route,77971e95a14d7354c6b8932da0e8951a9fa0b4dffbbfcf7bac81ef331d90c3af,6000,4950,0,0.50000000,0.09090909,1.00000000,0.16666667,0.08666667,0.00000000,0.00000000,1.00000000,1.00000000,0.00000000
PersonaSession,23,without_synchrony,BalanceRank,77971e95a14d7354c6b8932da0e8951a9fa0b4dffbbfcf7bac81ef331d90c3af,6000,4950,0,0.90891556,0.19266055,0.93333333,0.31939163,0.63333333,0.00041905,0.09455928,0.86203792,0.45279621,0.40924172
PersonaSession,23,without_funding,composite,77971e95a14d7354c6b8932da0e8951a9fa0b4dffbbfcf7bac81ef331d90c3af,6000,4950,0,0.74557136,0.19901112,0.35777778,0.25575854,0.14444444,0.00000000,0.00000000,,,
PersonaSession,23,without_funding,Timing,77971e95a14d7354c6b8932da0e8951a9fa0b4dffbbfcf7bac81ef331d90c3af,6000,4950,0,0.49679012,0.09708738,0.08888889,0.09280742,0.09555556,0.00227487,0.09470673,0.35167766,0.35053316,0.00114450
PersonaSession,23,without_funding,Amount,77971e95a14d7354c6b8932da0e8951a9fa0b4dffbbfcf7bac81ef331d90c3af,6000,4950,0,0.48876593,0.09090909,1.00000000,0.16666667,0.08444444,0.00000000,0.00000000,0.74883844,0.75001372,-0.00117528
PersonaSession,23,without_funding,Sequence,77971e95a14d7354c6b8932da0e8951a9fa0b4dffbbfcf7bac81ef331d90c3af,6000,4950,0,0.49855086,0.09035409,0.98666667,0.16554810,0.07111111,0.00000000,0.00000000,0.79330507,0.79434236,-0.00103729
PersonaSession,23,without_funding,Destination,77971e95a14d7354c6b8932da0e8951a9fa0b4dffbbfcf7bac81ef331d90c3af,6000,4950,0,0.48487654,0.09467456,0.03555556,0.05169628,0.08666667,-0.00143369,0.24848949,0.44085191,0.44316370,-0.00231178
PersonaSession,23,without_funding,Synchrony,77971e95a14d7354c6b8932da0e8951a9fa0b4dffbbfcf7bac81ef331d90c3af,6000,4950,0,0.50520000,0.08045977,0.01555556,0.02607076,0.10222222,-0.00485353,0.64730512,0.01903704,0.02041852,-0.00138148
PersonaSession,23,without_funding,Funding,77971e95a14d7354c6b8932da0e8951a9fa0b4dffbbfcf7bac81ef331d90c3af,6000,4950,0,1.00000000,1.00000000,1.00000000,1.00000000,1.00000000,1.00000000,1.00000000,1.00000000,0.00000000,1.00000000
PersonaSession,23,without_funding,Route,77971e95a14d7354c6b8932da0e8951a9fa0b4dffbbfcf7bac81ef331d90c3af,6000,4950,0,0.50000000,0.09090909,1.00000000,0.16666667,0.08666667,0.00000000,0.00000000,1.00000000,1.00000000,0.00000000
PersonaSession,23,without_funding,BalanceRank,77971e95a14d7354c6b8932da0e8951a9fa0b4dffbbfcf7bac81ef331d90c3af,6000,4950,0,0.90891556,0.19266055,0.93333333,0.31939163,0.63333333,0.00041905,0.09455928,0.86203792,0.45279621,0.40924172
PersonaSession,37,none,composite,90e9bf75cd804cbecc01eab73565ae36f5b8e1919ab9b6d05ef2a1ee8efde339,6000,4950,0,0.98208642,0.67633588,0.98444444,0.80180995,0.78888889,0.00000000,0.00000000,,,
PersonaSession,37,none,Timing,90e9bf75cd804cbecc01eab73565ae36f5b8e1919ab9b6d05ef2a1ee8efde339,6000,4950,0,0.48866321,0.09345794,0.08888889,0.09111617,0.09333333,0.00053605,0.10586484,0.35229741,0.35143045,0.00086695
PersonaSession,37,none,Amount,90e9bf75cd804cbecc01eab73565ae36f5b8e1919ab9b6d05ef2a1ee8efde339,6000,4950,0,0.49065284,0.09092746,1.00000000,0.16669754,0.09111111,0.00000000,0.00000000,0.74021436,0.74094203,-0.00072766
PersonaSession,37,none,Sequence,90e9bf75cd804cbecc01eab73565ae36f5b8e1919ab9b6d05ef2a1ee8efde339,6000,4950,0,0.49406815,0.09103812,0.99777778,0.16685247,0.07777778,0.00000000,0.00000000,0.79687137,0.79779312,-0.00092175
PersonaSession,37,none,Destination,90e9bf75cd804cbecc01eab73565ae36f5b8e1919ab9b6d05ef2a1ee8efde339,6000,4950,0,0.48906370,0.07534247,0.02444444,0.03691275,0.08888889,0.00000000,0.25581865,0.43889702,0.44080921,-0.00191218
PersonaSession,37,none,Synchrony,90e9bf75cd804cbecc01eab73565ae36f5b8e1919ab9b6d05ef2a1ee8efde339,6000,4950,0,0.50690025,0.12121212,0.01777778,0.03100775,0.10000000,0.00793651,0.66289925,0.02100000,0.01508889,0.00591111
PersonaSession,37,none,Funding,90e9bf75cd804cbecc01eab73565ae36f5b8e1919ab9b6d05ef2a1ee8efde339,6000,4950,0,1.00000000,1.00000000,1.00000000,1.00000000,1.00000000,1.00000000,1.00000000,1.00000000,0.00000000,1.00000000
PersonaSession,37,none,Route,90e9bf75cd804cbecc01eab73565ae36f5b8e1919ab9b6d05ef2a1ee8efde339,6000,4950,0,0.50000000,0.09090909,1.00000000,0.16666667,0.08666667,0.00000000,0.00000000,1.00000000,1.00000000,0.00000000
PersonaSession,37,none,BalanceRank,90e9bf75cd804cbecc01eab73565ae36f5b8e1919ab9b6d05ef2a1ee8efde339,6000,4950,0,0.90891556,0.19266055,0.93333333,0.31939163,0.63333333,0.00041905,0.09455928,0.86203792,0.45279621,0.40924172
PersonaSession,37,without_timing,composite,90e9bf75cd804cbecc01eab73565ae36f5b8e1919ab9b6d05ef2a1ee8efde339,6000,4950,0,0.99855605,0.88582677,1.00000000,0.93945720,0.93555556,0.17204301,0.63908636,,,
PersonaSession,37,without_timing,Timing,90e9bf75cd804cbecc01eab73565ae36f5b8e1919ab9b6d05ef2a1ee8efde339,6000,4950,0,0.48866321,0.09345794,0.08888889,0.09111617,0.09333333,0.00053605,0.10586484,0.35229741,0.35143045,0.00086695
PersonaSession,37,without_timing,Amount,90e9bf75cd804cbecc01eab73565ae36f5b8e1919ab9b6d05ef2a1ee8efde339,6000,4950,0,0.49065284,0.09092746,1.00000000,0.16669754,0.09111111,0.00000000,0.00000000,0.74021436,0.74094203,-0.00072766
PersonaSession,37,without_timing,Sequence,90e9bf75cd804cbecc01eab73565ae36f5b8e1919ab9b6d05ef2a1ee8efde339,6000,4950,0,0.49406815,0.09103812,0.99777778,0.16685247,0.07777778,0.00000000,0.00000000,0.79687137,0.79779312,-0.00092175
PersonaSession,37,without_timing,Destination,90e9bf75cd804cbecc01eab73565ae36f5b8e1919ab9b6d05ef2a1ee8efde339,6000,4950,0,0.48906370,0.07534247,0.02444444,0.03691275,0.08888889,0.00000000,0.25581865,0.43889702,0.44080921,-0.00191218
PersonaSession,37,without_timing,Synchrony,90e9bf75cd804cbecc01eab73565ae36f5b8e1919ab9b6d05ef2a1ee8efde339,6000,4950,0,0.50690025,0.12121212,0.01777778,0.03100775,0.10000000,0.00793651,0.66289925,0.02100000,0.01508889,0.00591111
PersonaSession,37,without_timing,Funding,90e9bf75cd804cbecc01eab73565ae36f5b8e1919ab9b6d05ef2a1ee8efde339,6000,4950,0,1.00000000,1.00000000,1.00000000,1.00000000,1.00000000,1.00000000,1.00000000,1.00000000,0.00000000,1.00000000
PersonaSession,37,without_timing,Route,90e9bf75cd804cbecc01eab73565ae36f5b8e1919ab9b6d05ef2a1ee8efde339,6000,4950,0,0.50000000,0.09090909,1.00000000,0.16666667,0.08666667,0.00000000,0.00000000,1.00000000,1.00000000,0.00000000
PersonaSession,37,without_timing,BalanceRank,90e9bf75cd804cbecc01eab73565ae36f5b8e1919ab9b6d05ef2a1ee8efde339,6000,4950,0,0.90891556,0.19266055,0.93333333,0.31939163,0.63333333,0.00041905,0.09455928,0.86203792,0.45279621,0.40924172
PersonaSession,37,without_amount,composite,90e9bf75cd804cbecc01eab73565ae36f5b8e1919ab9b6d05ef2a1ee8efde339,6000,4950,0,0.98257877,0.77456647,0.89333333,0.82972136,0.79555556,0.00000000,0.00000000,,,
PersonaSession,37,without_amount,Timing,90e9bf75cd804cbecc01eab73565ae36f5b8e1919ab9b6d05ef2a1ee8efde339,6000,4950,0,0.48866321,0.09345794,0.08888889,0.09111617,0.09333333,0.00053605,0.10586484,0.35229741,0.35143045,0.00086695
PersonaSession,37,without_amount,Amount,90e9bf75cd804cbecc01eab73565ae36f5b8e1919ab9b6d05ef2a1ee8efde339,6000,4950,0,0.49065284,0.09092746,1.00000000,0.16669754,0.09111111,0.00000000,0.00000000,0.74021436,0.74094203,-0.00072766
PersonaSession,37,without_amount,Sequence,90e9bf75cd804cbecc01eab73565ae36f5b8e1919ab9b6d05ef2a1ee8efde339,6000,4950,0,0.49406815,0.09103812,0.99777778,0.16685247,0.07777778,0.00000000,0.00000000,0.79687137,0.79779312,-0.00092175
PersonaSession,37,without_amount,Destination,90e9bf75cd804cbecc01eab73565ae36f5b8e1919ab9b6d05ef2a1ee8efde339,6000,4950,0,0.48906370,0.07534247,0.02444444,0.03691275,0.08888889,0.00000000,0.25581865,0.43889702,0.44080921,-0.00191218
PersonaSession,37,without_amount,Synchrony,90e9bf75cd804cbecc01eab73565ae36f5b8e1919ab9b6d05ef2a1ee8efde339,6000,4950,0,0.50690025,0.12121212,0.01777778,0.03100775,0.10000000,0.00793651,0.66289925,0.02100000,0.01508889,0.00591111
PersonaSession,37,without_amount,Funding,90e9bf75cd804cbecc01eab73565ae36f5b8e1919ab9b6d05ef2a1ee8efde339,6000,4950,0,1.00000000,1.00000000,1.00000000,1.00000000,1.00000000,1.00000000,1.00000000,1.00000000,0.00000000,1.00000000
PersonaSession,37,without_amount,Route,90e9bf75cd804cbecc01eab73565ae36f5b8e1919ab9b6d05ef2a1ee8efde339,6000,4950,0,0.50000000,0.09090909,1.00000000,0.16666667,0.08666667,0.00000000,0.00000000,1.00000000,1.00000000,0.00000000
PersonaSession,37,without_amount,BalanceRank,90e9bf75cd804cbecc01eab73565ae36f5b8e1919ab9b6d05ef2a1ee8efde339,6000,4950,0,0.90891556,0.19266055,0.93333333,0.31939163,0.63333333,0.00041905,0.09455928,0.86203792,0.45279621,0.40924172
PersonaSession,37,without_sequence,composite,90e9bf75cd804cbecc01eab73565ae36f5b8e1919ab9b6d05ef2a1ee8efde339,6000,4950,0,0.98386815,0.80761523,0.89555556,0.84931507,0.82000000,0.00041905,0.09455928,,,
PersonaSession,37,without_sequence,Timing,90e9bf75cd804cbecc01eab73565ae36f5b8e1919ab9b6d05ef2a1ee8efde339,6000,4950,0,0.48866321,0.09345794,0.08888889,0.09111617,0.09333333,0.00053605,0.10586484,0.35229741,0.35143045,0.00086695
PersonaSession,37,without_sequence,Amount,90e9bf75cd804cbecc01eab73565ae36f5b8e1919ab9b6d05ef2a1ee8efde339,6000,4950,0,0.49065284,0.09092746,1.00000000,0.16669754,0.09111111,0.00000000,0.00000000,0.74021436,0.74094203,-0.00072766
PersonaSession,37,without_sequence,Sequence,90e9bf75cd804cbecc01eab73565ae36f5b8e1919ab9b6d05ef2a1ee8efde339,6000,4950,0,0.49406815,0.09103812,0.99777778,0.16685247,0.07777778,0.00000000,0.00000000,0.79687137,0.79779312,-0.00092175
PersonaSession,37,without_sequence,Destination,90e9bf75cd804cbecc01eab73565ae36f5b8e1919ab9b6d05ef2a1ee8efde339,6000,4950,0,0.48906370,0.07534247,0.02444444,0.03691275,0.08888889,0.00000000,0.25581865,0.43889702,0.44080921,-0.00191218
PersonaSession,37,without_sequence,Synchrony,90e9bf75cd804cbecc01eab73565ae36f5b8e1919ab9b6d05ef2a1ee8efde339,6000,4950,0,0.50690025,0.12121212,0.01777778,0.03100775,0.10000000,0.00793651,0.66289925,0.02100000,0.01508889,0.00591111
PersonaSession,37,without_sequence,Funding,90e9bf75cd804cbecc01eab73565ae36f5b8e1919ab9b6d05ef2a1ee8efde339,6000,4950,0,1.00000000,1.00000000,1.00000000,1.00000000,1.00000000,1.00000000,1.00000000,1.00000000,0.00000000,1.00000000
PersonaSession,37,without_sequence,Route,90e9bf75cd804cbecc01eab73565ae36f5b8e1919ab9b6d05ef2a1ee8efde339,6000,4950,0,0.50000000,0.09090909,1.00000000,0.16666667,0.08666667,0.00000000,0.00000000,1.00000000,1.00000000,0.00000000
PersonaSession,37,without_sequence,BalanceRank,90e9bf75cd804cbecc01eab73565ae36f5b8e1919ab9b6d05ef2a1ee8efde339,6000,4950,0,0.90891556,0.19266055,0.93333333,0.31939163,0.63333333,0.00041905,0.09455928,0.86203792,0.45279621,0.40924172
PersonaSession,37,without_synchrony,composite,90e9bf75cd804cbecc01eab73565ae36f5b8e1919ab9b6d05ef2a1ee8efde339,6000,4950,0,0.99563160,0.44642857,1.00000000,0.61728395,0.89333333,0.00000000,0.00000000,,,
PersonaSession,37,without_synchrony,Timing,90e9bf75cd804cbecc01eab73565ae36f5b8e1919ab9b6d05ef2a1ee8efde339,6000,4950,0,0.48866321,0.09345794,0.08888889,0.09111617,0.09333333,0.00053605,0.10586484,0.35229741,0.35143045,0.00086695
PersonaSession,37,without_synchrony,Amount,90e9bf75cd804cbecc01eab73565ae36f5b8e1919ab9b6d05ef2a1ee8efde339,6000,4950,0,0.49065284,0.09092746,1.00000000,0.16669754,0.09111111,0.00000000,0.00000000,0.74021436,0.74094203,-0.00072766
PersonaSession,37,without_synchrony,Sequence,90e9bf75cd804cbecc01eab73565ae36f5b8e1919ab9b6d05ef2a1ee8efde339,6000,4950,0,0.49406815,0.09103812,0.99777778,0.16685247,0.07777778,0.00000000,0.00000000,0.79687137,0.79779312,-0.00092175
PersonaSession,37,without_synchrony,Destination,90e9bf75cd804cbecc01eab73565ae36f5b8e1919ab9b6d05ef2a1ee8efde339,6000,4950,0,0.48906370,0.07534247,0.02444444,0.03691275,0.08888889,0.00000000,0.25581865,0.43889702,0.44080921,-0.00191218
PersonaSession,37,without_synchrony,Synchrony,90e9bf75cd804cbecc01eab73565ae36f5b8e1919ab9b6d05ef2a1ee8efde339,6000,4950,0,0.50690025,0.12121212,0.01777778,0.03100775,0.10000000,0.00793651,0.66289925,0.02100000,0.01508889,0.00591111
PersonaSession,37,without_synchrony,Funding,90e9bf75cd804cbecc01eab73565ae36f5b8e1919ab9b6d05ef2a1ee8efde339,6000,4950,0,1.00000000,1.00000000,1.00000000,1.00000000,1.00000000,1.00000000,1.00000000,1.00000000,0.00000000,1.00000000
PersonaSession,37,without_synchrony,Route,90e9bf75cd804cbecc01eab73565ae36f5b8e1919ab9b6d05ef2a1ee8efde339,6000,4950,0,0.50000000,0.09090909,1.00000000,0.16666667,0.08666667,0.00000000,0.00000000,1.00000000,1.00000000,0.00000000
PersonaSession,37,without_synchrony,BalanceRank,90e9bf75cd804cbecc01eab73565ae36f5b8e1919ab9b6d05ef2a1ee8efde339,6000,4950,0,0.90891556,0.19266055,0.93333333,0.31939163,0.63333333,0.00041905,0.09455928,0.86203792,0.45279621,0.40924172
PersonaSession,37,without_funding,composite,90e9bf75cd804cbecc01eab73565ae36f5b8e1919ab9b6d05ef2a1ee8efde339,6000,4950,0,0.75306173,0.20792079,0.32666667,0.25410545,0.16000000,0.00000000,0.00000000,,,
PersonaSession,37,without_funding,Timing,90e9bf75cd804cbecc01eab73565ae36f5b8e1919ab9b6d05ef2a1ee8efde339,6000,4950,0,0.48866321,0.09345794,0.08888889,0.09111617,0.09333333,0.00053605,0.10586484,0.35229741,0.35143045,0.00086695
PersonaSession,37,without_funding,Amount,90e9bf75cd804cbecc01eab73565ae36f5b8e1919ab9b6d05ef2a1ee8efde339,6000,4950,0,0.49065284,0.09092746,1.00000000,0.16669754,0.09111111,0.00000000,0.00000000,0.74021436,0.74094203,-0.00072766
PersonaSession,37,without_funding,Sequence,90e9bf75cd804cbecc01eab73565ae36f5b8e1919ab9b6d05ef2a1ee8efde339,6000,4950,0,0.49406815,0.09103812,0.99777778,0.16685247,0.07777778,0.00000000,0.00000000,0.79687137,0.79779312,-0.00092175
PersonaSession,37,without_funding,Destination,90e9bf75cd804cbecc01eab73565ae36f5b8e1919ab9b6d05ef2a1ee8efde339,6000,4950,0,0.48906370,0.07534247,0.02444444,0.03691275,0.08888889,0.00000000,0.25581865,0.43889702,0.44080921,-0.00191218
PersonaSession,37,without_funding,Synchrony,90e9bf75cd804cbecc01eab73565ae36f5b8e1919ab9b6d05ef2a1ee8efde339,6000,4950,0,0.50690025,0.12121212,0.01777778,0.03100775,0.10000000,0.00793651,0.66289925,0.02100000,0.01508889,0.00591111
PersonaSession,37,without_funding,Funding,90e9bf75cd804cbecc01eab73565ae36f5b8e1919ab9b6d05ef2a1ee8efde339,6000,4950,0,1.00000000,1.00000000,1.00000000,1.00000000,1.00000000,1.00000000,1.00000000,1.00000000,0.00000000,1.00000000
PersonaSession,37,without_funding,Route,90e9bf75cd804cbecc01eab73565ae36f5b8e1919ab9b6d05ef2a1ee8efde339,6000,4950,0,0.50000000,0.09090909,1.00000000,0.16666667,0.08666667,0.00000000,0.00000000,1.00000000,1.00000000,0.00000000
PersonaSession,37,without_funding,BalanceRank,90e9bf75cd804cbecc01eab73565ae36f5b8e1919ab9b6d05ef2a1ee8efde339,6000,4950,0,0.90891556,0.19266055,0.93333333,0.31939163,0.63333333,0.00041905,0.09455928,0.86203792,0.45279621,0.40924172
PersonaSession,51,none,composite,a236796c1a8a877f43d7f166079231dd0a88993630bfb199a9858d733a2124ba,6000,4950,0,0.98117383,0.66266867,0.98222222,0.79140555,0.77777778,0.00000000,0.00000000,,,
PersonaSession,51,none,Timing,a236796c1a8a877f43d7f166079231dd0a88993630bfb199a9858d733a2124ba,6000,4950,0,0.52485531,0.09466019,0.08666667,0.09048724,0.09555556,0.00000000,0.00000000,0.34791278,0.34714752,0.00076527
PersonaSession,51,none,Amount,a236796c1a8a877f43d7f166079231dd0a88993630bfb199a9858d733a2124ba,6000,4950,0,0.49382494,0.09090909,1.00000000,0.16666667,0.10666667,0.00000000,0.00000000,0.74400519,0.74538634,-0.00138114
PersonaSession,51,none,Sequence,a236796c1a8a877f43d7f166079231dd0a88993630bfb199a9858d733a2124ba,6000,4950,0,0.48925975,0.09122238,1.00000000,0.16719302,0.07333333,0.00000000,0.00000000,0.81094558,0.81318457,-0.00223900
PersonaSession,51,none,Destination,a236796c1a8a877f43d7f166079231dd0a88993630bfb199a9858d733a2124ba,6000,4950,0,0.50015160,0.07627119,0.02000000,0.03169014,0.07777778,-0.00204939,0.32355952,0.42829968,0.42831344,-0.00001376
PersonaSession,51,none,Synchrony,a236796c1a8a877f43d7f166079231dd0a88993630bfb199a9858d733a2124ba,6000,4950,0,0.50660741,0.14285714,0.03333333,0.05405405,0.10222222,0.02035623,0.65527855,0.03744444,0.02400370,0.01344074
PersonaSession,51,none,Funding,a236796c1a8a877f43d7f166079231dd0a88993630bfb199a9858d733a2124ba,6000,4950,0,1.00000000,1.00000000,1.00000000,1.00000000,1.00000000,1.00000000,1.00000000,1.00000000,0.00000000,1.00000000
PersonaSession,51,none,Route,a236796c1a8a877f43d7f166079231dd0a88993630bfb199a9858d733a2124ba,6000,4950,0,0.50000000,0.09090909,1.00000000,0.16666667,0.08666667,0.00000000,0.00000000,1.00000000,1.00000000,0.00000000
PersonaSession,51,none,BalanceRank,a236796c1a8a877f43d7f166079231dd0a88993630bfb199a9858d733a2124ba,6000,4950,0,0.90891556,0.19266055,0.93333333,0.31939163,0.63333333,0.00041905,0.09455928,0.86203792,0.45279621,0.40924172
PersonaSession,51,without_timing,composite,a236796c1a8a877f43d7f166079231dd0a88993630bfb199a9858d733a2124ba,6000,4950,0,0.99698420,0.83487941,1.00000000,0.91001011,0.91333333,0.17204301,0.63908636,,,
PersonaSession,51,without_timing,Timing,a236796c1a8a877f43d7f166079231dd0a88993630bfb199a9858d733a2124ba,6000,4950,0,0.52485531,0.09466019,0.08666667,0.09048724,0.09555556,0.00000000,0.00000000,0.34791278,0.34714752,0.00076527
PersonaSession,51,without_timing,Amount,a236796c1a8a877f43d7f166079231dd0a88993630bfb199a9858d733a2124ba,6000,4950,0,0.49382494,0.09090909,1.00000000,0.16666667,0.10666667,0.00000000,0.00000000,0.74400519,0.74538634,-0.00138114
PersonaSession,51,without_timing,Sequence,a236796c1a8a877f43d7f166079231dd0a88993630bfb199a9858d733a2124ba,6000,4950,0,0.48925975,0.09122238,1.00000000,0.16719302,0.07333333,0.00000000,0.00000000,0.81094558,0.81318457,-0.00223900
PersonaSession,51,without_timing,Destination,a236796c1a8a877f43d7f166079231dd0a88993630bfb199a9858d733a2124ba,6000,4950,0,0.50015160,0.07627119,0.02000000,0.03169014,0.07777778,-0.00204939,0.32355952,0.42829968,0.42831344,-0.00001376
PersonaSession,51,without_timing,Synchrony,a236796c1a8a877f43d7f166079231dd0a88993630bfb199a9858d733a2124ba,6000,4950,0,0.50660741,0.14285714,0.03333333,0.05405405,0.10222222,0.02035623,0.65527855,0.03744444,0.02400370,0.01344074
PersonaSession,51,without_timing,Funding,a236796c1a8a877f43d7f166079231dd0a88993630bfb199a9858d733a2124ba,6000,4950,0,1.00000000,1.00000000,1.00000000,1.00000000,1.00000000,1.00000000,1.00000000,1.00000000,0.00000000,1.00000000
PersonaSession,51,without_timing,Route,a236796c1a8a877f43d7f166079231dd0a88993630bfb199a9858d733a2124ba,6000,4950,0,0.50000000,0.09090909,1.00000000,0.16666667,0.08666667,0.00000000,0.00000000,1.00000000,1.00000000,0.00000000
PersonaSession,51,without_timing,BalanceRank,a236796c1a8a877f43d7f166079231dd0a88993630bfb199a9858d733a2124ba,6000,4950,0,0.90891556,0.19266055,0.93333333,0.31939163,0.63333333,0.00041905,0.09455928,0.86203792,0.45279621,0.40924172
PersonaSession,51,without_amount,composite,a236796c1a8a877f43d7f166079231dd0a88993630bfb199a9858d733a2124ba,6000,4950,0,0.98166469,0.73451327,0.92222222,0.81773399,0.77555556,0.00000000,0.06542369,,,
PersonaSession,51,without_amount,Timing,a236796c1a8a877f43d7f166079231dd0a88993630bfb199a9858d733a2124ba,6000,4950,0,0.52485531,0.09466019,0.08666667,0.09048724,0.09555556,0.00000000,0.00000000,0.34791278,0.34714752,0.00076527
PersonaSession,51,without_amount,Amount,a236796c1a8a877f43d7f166079231dd0a88993630bfb199a9858d733a2124ba,6000,4950,0,0.49382494,0.09090909,1.00000000,0.16666667,0.10666667,0.00000000,0.00000000,0.74400519,0.74538634,-0.00138114
PersonaSession,51,without_amount,Sequence,a236796c1a8a877f43d7f166079231dd0a88993630bfb199a9858d733a2124ba,6000,4950,0,0.48925975,0.09122238,1.00000000,0.16719302,0.07333333,0.00000000,0.00000000,0.81094558,0.81318457,-0.00223900
PersonaSession,51,without_amount,Destination,a236796c1a8a877f43d7f166079231dd0a88993630bfb199a9858d733a2124ba,6000,4950,0,0.50015160,0.07627119,0.02000000,0.03169014,0.07777778,-0.00204939,0.32355952,0.42829968,0.42831344,-0.00001376
PersonaSession,51,without_amount,Synchrony,a236796c1a8a877f43d7f166079231dd0a88993630bfb199a9858d733a2124ba,6000,4950,0,0.50660741,0.14285714,0.03333333,0.05405405,0.10222222,0.02035623,0.65527855,0.03744444,0.02400370,0.01344074
PersonaSession,51,without_amount,Funding,a236796c1a8a877f43d7f166079231dd0a88993630bfb199a9858d733a2124ba,6000,4950,0,1.00000000,1.00000000,1.00000000,1.00000000,1.00000000,1.00000000,1.00000000,1.00000000,0.00000000,1.00000000
PersonaSession,51,without_amount,Route,a236796c1a8a877f43d7f166079231dd0a88993630bfb199a9858d733a2124ba,6000,4950,0,0.50000000,0.09090909,1.00000000,0.16666667,0.08666667,0.00000000,0.00000000,1.00000000,1.00000000,0.00000000
PersonaSession,51,without_amount,BalanceRank,a236796c1a8a877f43d7f166079231dd0a88993630bfb199a9858d733a2124ba,6000,4950,0,0.90891556,0.19266055,0.93333333,0.31939163,0.63333333,0.00041905,0.09455928,0.86203792,0.45279621,0.40924172
PersonaSession,51,without_sequence,composite,a236796c1a8a877f43d7f166079231dd0a88993630bfb199a9858d733a2124ba,6000,4950,0,0.98348198,0.79182879,0.90444444,0.84439834,0.82222222,0.00041905,0.09455928,,,
PersonaSession,51,without_sequence,Timing,a236796c1a8a877f43d7f166079231dd0a88993630bfb199a9858d733a2124ba,6000,4950,0,0.52485531,0.09466019,0.08666667,0.09048724,0.09555556,0.00000000,0.00000000,0.34791278,0.34714752,0.00076527
PersonaSession,51,without_sequence,Amount,a236796c1a8a877f43d7f166079231dd0a88993630bfb199a9858d733a2124ba,6000,4950,0,0.49382494,0.09090909,1.00000000,0.16666667,0.10666667,0.00000000,0.00000000,0.74400519,0.74538634,-0.00138114
PersonaSession,51,without_sequence,Sequence,a236796c1a8a877f43d7f166079231dd0a88993630bfb199a9858d733a2124ba,6000,4950,0,0.48925975,0.09122238,1.00000000,0.16719302,0.07333333,0.00000000,0.00000000,0.81094558,0.81318457,-0.00223900
PersonaSession,51,without_sequence,Destination,a236796c1a8a877f43d7f166079231dd0a88993630bfb199a9858d733a2124ba,6000,4950,0,0.50015160,0.07627119,0.02000000,0.03169014,0.07777778,-0.00204939,0.32355952,0.42829968,0.42831344,-0.00001376
PersonaSession,51,without_sequence,Synchrony,a236796c1a8a877f43d7f166079231dd0a88993630bfb199a9858d733a2124ba,6000,4950,0,0.50660741,0.14285714,0.03333333,0.05405405,0.10222222,0.02035623,0.65527855,0.03744444,0.02400370,0.01344074
PersonaSession,51,without_sequence,Funding,a236796c1a8a877f43d7f166079231dd0a88993630bfb199a9858d733a2124ba,6000,4950,0,1.00000000,1.00000000,1.00000000,1.00000000,1.00000000,1.00000000,1.00000000,1.00000000,0.00000000,1.00000000
PersonaSession,51,without_sequence,Route,a236796c1a8a877f43d7f166079231dd0a88993630bfb199a9858d733a2124ba,6000,4950,0,0.50000000,0.09090909,1.00000000,0.16666667,0.08666667,0.00000000,0.00000000,1.00000000,1.00000000,0.00000000
PersonaSession,51,without_sequence,BalanceRank,a236796c1a8a877f43d7f166079231dd0a88993630bfb199a9858d733a2124ba,6000,4950,0,0.90891556,0.19266055,0.93333333,0.31939163,0.63333333,0.00041905,0.09455928,0.86203792,0.45279621,0.40924172
PersonaSession,51,without_synchrony,composite,a236796c1a8a877f43d7f166079231dd0a88993630bfb199a9858d733a2124ba,6000,4950,0,0.99653383,0.45271630,1.00000000,0.62326870,0.90000000,0.00000000,0.00000000,,,
PersonaSession,51,without_synchrony,Timing,a236796c1a8a877f43d7f166079231dd0a88993630bfb199a9858d733a2124ba,6000,4950,0,0.52485531,0.09466019,0.08666667,0.09048724,0.09555556,0.00000000,0.00000000,0.34791278,0.34714752,0.00076527
PersonaSession,51,without_synchrony,Amount,a236796c1a8a877f43d7f166079231dd0a88993630bfb199a9858d733a2124ba,6000,4950,0,0.49382494,0.09090909,1.00000000,0.16666667,0.10666667,0.00000000,0.00000000,0.74400519,0.74538634,-0.00138114
PersonaSession,51,without_synchrony,Sequence,a236796c1a8a877f43d7f166079231dd0a88993630bfb199a9858d733a2124ba,6000,4950,0,0.48925975,0.09122238,1.00000000,0.16719302,0.07333333,0.00000000,0.00000000,0.81094558,0.81318457,-0.00223900
PersonaSession,51,without_synchrony,Destination,a236796c1a8a877f43d7f166079231dd0a88993630bfb199a9858d733a2124ba,6000,4950,0,0.50015160,0.07627119,0.02000000,0.03169014,0.07777778,-0.00204939,0.32355952,0.42829968,0.42831344,-0.00001376
PersonaSession,51,without_synchrony,Synchrony,a236796c1a8a877f43d7f166079231dd0a88993630bfb199a9858d733a2124ba,6000,4950,0,0.50660741,0.14285714,0.03333333,0.05405405,0.10222222,0.02035623,0.65527855,0.03744444,0.02400370,0.01344074
PersonaSession,51,without_synchrony,Funding,a236796c1a8a877f43d7f166079231dd0a88993630bfb199a9858d733a2124ba,6000,4950,0,1.00000000,1.00000000,1.00000000,1.00000000,1.00000000,1.00000000,1.00000000,1.00000000,0.00000000,1.00000000
PersonaSession,51,without_synchrony,Route,a236796c1a8a877f43d7f166079231dd0a88993630bfb199a9858d733a2124ba,6000,4950,0,0.50000000,0.09090909,1.00000000,0.16666667,0.08666667,0.00000000,0.00000000,1.00000000,1.00000000,0.00000000
PersonaSession,51,without_synchrony,BalanceRank,a236796c1a8a877f43d7f166079231dd0a88993630bfb199a9858d733a2124ba,6000,4950,0,0.90891556,0.19266055,0.93333333,0.31939163,0.63333333,0.00041905,0.09455928,0.86203792,0.45279621,0.40924172
PersonaSession,51,without_funding,composite,a236796c1a8a877f43d7f166079231dd0a88993630bfb199a9858d733a2124ba,6000,4950,0,0.76320148,0.21081081,0.34666667,0.26218487,0.13333333,0.00000000,0.00000000,,,
PersonaSession,51,without_funding,Timing,a236796c1a8a877f43d7f166079231dd0a88993630bfb199a9858d733a2124ba,6000,4950,0,0.52485531,0.09466019,0.08666667,0.09048724,0.09555556,0.00000000,0.00000000,0.34791278,0.34714752,0.00076527
PersonaSession,51,without_funding,Amount,a236796c1a8a877f43d7f166079231dd0a88993630bfb199a9858d733a2124ba,6000,4950,0,0.49382494,0.09090909,1.00000000,0.16666667,0.10666667,0.00000000,0.00000000,0.74400519,0.74538634,-0.00138114
PersonaSession,51,without_funding,Sequence,a236796c1a8a877f43d7f166079231dd0a88993630bfb199a9858d733a2124ba,6000,4950,0,0.48925975,0.09122238,1.00000000,0.16719302,0.07333333,0.00000000,0.00000000,0.81094558,0.81318457,-0.00223900
PersonaSession,51,without_funding,Destination,a236796c1a8a877f43d7f166079231dd0a88993630bfb199a9858d733a2124ba,6000,4950,0,0.50015160,0.07627119,0.02000000,0.03169014,0.07777778,-0.00204939,0.32355952,0.42829968,0.42831344,-0.00001376
PersonaSession,51,without_funding,Synchrony,a236796c1a8a877f43d7f166079231dd0a88993630bfb199a9858d733a2124ba,6000,4950,0,0.50660741,0.14285714,0.03333333,0.05405405,0.10222222,0.02035623,0.65527855,0.03744444,0.02400370,0.01344074
PersonaSession,51,without_funding,Funding,a236796c1a8a877f43d7f166079231dd0a88993630bfb199a9858d733a2124ba,6000,4950,0,1.00000000,1.00000000,1.00000000,1.00000000,1.00000000,1.00000000,1.00000000,1.00000000,0.00000000,1.00000000
PersonaSession,51,without_funding,Route,a236796c1a8a877f43d7f166079231dd0a88993630bfb199a9858d733a2124ba,6000,4950,0,0.50000000,0.09090909,1.00000000,0.16666667,0.08666667,0.00000000,0.00000000,1.00000000,1.00000000,0.00000000
PersonaSession,51,without_funding,BalanceRank,a236796c1a8a877f43d7f166079231dd0a88993630bfb199a9858d733a2124ba,6000,4950,0,0.90891556,0.19266055,0.93333333,0.31939163,0.63333333,0.00041905,0.09455928,0.86203792,0.45279621,0.40924172
PersonaSession,71,none,composite,5d428db11023847cc1bf8c14bf59a58ef00b251fd3117efca9971cc4b4cb0100,6000,4950,0,0.98179457,0.65976331,0.99111111,0.79218472,0.77777778,0.00000000,0.00000000,,,
PersonaSession,71,none,Timing,5d428db11023847cc1bf8c14bf59a58ef00b251fd3117efca9971cc4b4cb0100,6000,4950,0,0.50334494,0.09843400,0.09777778,0.09810479,0.09777778,-0.00244101,0.10285597,0.35734741,0.35482946,0.00251796
PersonaSession,71,none,Amount,5d428db11023847cc1bf8c14bf59a58ef00b251fd3117efca9971cc4b4cb0100,6000,4950,0,0.50861704,0.09090909,1.00000000,0.16666667,0.09555556,0.00000000,0.00000000,0.74402913,0.74386011,0.00016902
PersonaSession,71,none,Sequence,5d428db11023847cc1bf8c14bf59a58ef00b251fd3117efca9971cc4b4cb0100,6000,4950,0,0.49398963,0.09065098,0.99333333,0.16614012,0.09777778,0.00000000,0.00000000,0.78415955,0.78749812,-0.00333857
PersonaSession,71,none,Destination,5d428db11023847cc1bf8c14bf59a58ef00b251fd3117efca9971cc4b4cb0100,6000,4950,0,0.49071926,0.09420290,0.02888889,0.04421769,0.10222222,0.00312685,0.24414493,0.44084414,0.44239912,-0.00155498
PersonaSession,71,none,Synchrony,5d428db11023847cc1bf8c14bf59a58ef00b251fd3117efca9971cc4b4cb0100,6000,4950,0,0.49928840,0.09890110,0.02000000,0.03327172,0.09111111,0.00277344,0.65341959,0.02237037,0.02133333,0.00103704
PersonaSession,71,none,Funding,5d428db11023847cc1bf8c14bf59a58ef00b251fd3117efca9971cc4b4cb0100,6000,4950,0,1.00000000,1.00000000,1.00000000,1.00000000,1.00000000,1.00000000,1.00000000,1.00000000,0.00000000,1.00000000
PersonaSession,71,none,Route,5d428db11023847cc1bf8c14bf59a58ef00b251fd3117efca9971cc4b4cb0100,6000,4950,0,0.50000000,0.09090909,1.00000000,0.16666667,0.08666667,0.00000000,0.00000000,1.00000000,1.00000000,0.00000000
PersonaSession,71,none,BalanceRank,5d428db11023847cc1bf8c14bf59a58ef00b251fd3117efca9971cc4b4cb0100,6000,4950,0,0.90891556,0.19266055,0.93333333,0.31939163,0.63333333,0.00041905,0.09455928,0.86203792,0.45279621,0.40924172
PersonaSession,71,without_timing,composite,5d428db11023847cc1bf8c14bf59a58ef00b251fd3117efca9971cc4b4cb0100,6000,4950,0,0.99814469,0.84269663,1.00000000,0.91463415,0.92666667,0.17204301,0.63908636,,,
PersonaSession,71,without_timing,Timing,5d428db11023847cc1bf8c14bf59a58ef00b251fd3117efca9971cc4b4cb0100,6000,4950,0,0.50334494,0.09843400,0.09777778,0.09810479,0.09777778,-0.00244101,0.10285597,0.35734741,0.35482946,0.00251796
PersonaSession,71,without_timing,Amount,5d428db11023847cc1bf8c14bf59a58ef00b251fd3117efca9971cc4b4cb0100,6000,4950,0,0.50861704,0.09090909,1.00000000,0.16666667,0.09555556,0.00000000,0.00000000,0.74402913,0.74386011,0.00016902
PersonaSession,71,without_timing,Sequence,5d428db11023847cc1bf8c14bf59a58ef00b251fd3117efca9971cc4b4cb0100,6000,4950,0,0.49398963,0.09065098,0.99333333,0.16614012,0.09777778,0.00000000,0.00000000,0.78415955,0.78749812,-0.00333857
PersonaSession,71,without_timing,Destination,5d428db11023847cc1bf8c14bf59a58ef00b251fd3117efca9971cc4b4cb0100,6000,4950,0,0.49071926,0.09420290,0.02888889,0.04421769,0.10222222,0.00312685,0.24414493,0.44084414,0.44239912,-0.00155498
PersonaSession,71,without_timing,Synchrony,5d428db11023847cc1bf8c14bf59a58ef00b251fd3117efca9971cc4b4cb0100,6000,4950,0,0.49928840,0.09890110,0.02000000,0.03327172,0.09111111,0.00277344,0.65341959,0.02237037,0.02133333,0.00103704
PersonaSession,71,without_timing,Funding,5d428db11023847cc1bf8c14bf59a58ef00b251fd3117efca9971cc4b4cb0100,6000,4950,0,1.00000000,1.00000000,1.00000000,1.00000000,1.00000000,1.00000000,1.00000000,1.00000000,0.00000000,1.00000000
PersonaSession,71,without_timing,Route,5d428db11023847cc1bf8c14bf59a58ef00b251fd3117efca9971cc4b4cb0100,6000,4950,0,0.50000000,0.09090909,1.00000000,0.16666667,0.08666667,0.00000000,0.00000000,1.00000000,1.00000000,0.00000000
PersonaSession,71,without_timing,BalanceRank,5d428db11023847cc1bf8c14bf59a58ef00b251fd3117efca9971cc4b4cb0100,6000,4950,0,0.90891556,0.19266055,0.93333333,0.31939163,0.63333333,0.00041905,0.09455928,0.86203792,0.45279621,0.40924172
PersonaSession,71,without_amount,composite,5d428db11023847cc1bf8c14bf59a58ef00b251fd3117efca9971cc4b4cb0100,6000,4950,0,0.98210716,0.76037736,0.89555556,0.82244898,0.77777778,0.00000000,0.00000000,,,
PersonaSession,71,without_amount,Timing,5d428db11023847cc1bf8c14bf59a58ef00b251fd3117efca9971cc4b4cb0100,6000,4950,0,0.50334494,0.09843400,0.09777778,0.09810479,0.09777778,-0.00244101,0.10285597,0.35734741,0.35482946,0.00251796
PersonaSession,71,without_amount,Amount,5d428db11023847cc1bf8c14bf59a58ef00b251fd3117efca9971cc4b4cb0100,6000,4950,0,0.50861704,0.09090909,1.00000000,0.16666667,0.09555556,0.00000000,0.00000000,0.74402913,0.74386011,0.00016902
PersonaSession,71,without_amount,Sequence,5d428db11023847cc1bf8c14bf59a58ef00b251fd3117efca9971cc4b4cb0100,6000,4950,0,0.49398963,0.09065098,0.99333333,0.16614012,0.09777778,0.00000000,0.00000000,0.78415955,0.78749812,-0.00333857
PersonaSession,71,without_amount,Destination,5d428db11023847cc1bf8c14bf59a58ef00b251fd3117efca9971cc4b4cb0100,6000,4950,0,0.49071926,0.09420290,0.02888889,0.04421769,0.10222222,0.00312685,0.24414493,0.44084414,0.44239912,-0.00155498
PersonaSession,71,without_amount,Synchrony,5d428db11023847cc1bf8c14bf59a58ef00b251fd3117efca9971cc4b4cb0100,6000,4950,0,0.49928840,0.09890110,0.02000000,0.03327172,0.09111111,0.00277344,0.65341959,0.02237037,0.02133333,0.00103704
PersonaSession,71,without_amount,Funding,5d428db11023847cc1bf8c14bf59a58ef00b251fd3117efca9971cc4b4cb0100,6000,4950,0,1.00000000,1.00000000,1.00000000,1.00000000,1.00000000,1.00000000,1.00000000,1.00000000,0.00000000,1.00000000
PersonaSession,71,without_amount,Route,5d428db11023847cc1bf8c14bf59a58ef00b251fd3117efca9971cc4b4cb0100,6000,4950,0,0.50000000,0.09090909,1.00000000,0.16666667,0.08666667,0.00000000,0.00000000,1.00000000,1.00000000,0.00000000
PersonaSession,71,without_amount,BalanceRank,5d428db11023847cc1bf8c14bf59a58ef00b251fd3117efca9971cc4b4cb0100,6000,4950,0,0.90891556,0.19266055,0.93333333,0.31939163,0.63333333,0.00041905,0.09455928,0.86203792,0.45279621,0.40924172
PersonaSession,71,without_sequence,composite,5d428db11023847cc1bf8c14bf59a58ef00b251fd3117efca9971cc4b4cb0100,6000,4950,0,0.98284790,0.79256360,0.90000000,0.84287201,0.80222222,0.04347826,0.37574159,,,
PersonaSession,71,without_sequence,Timing,5d428db11023847cc1bf8c14bf59a58ef00b251fd3117efca9971cc4b4cb0100,6000,4950,0,0.50334494,0.09843400,0.09777778,0.09810479,0.09777778,-0.00244101,0.10285597,0.35734741,0.35482946,0.00251796
PersonaSession,71,without_sequence,Amount,5d428db11023847cc1bf8c14bf59a58ef00b251fd3117efca9971cc4b4cb0100,6000,4950,0,0.50861704,0.09090909,1.00000000,0.16666667,0.09555556,0.00000000,0.00000000,0.74402913,0.74386011,0.00016902
PersonaSession,71,without_sequence,Sequence,5d428db11023847cc1bf8c14bf59a58ef00b251fd3117efca9971cc4b4cb0100,6000,4950,0,0.49398963,0.09065098,0.99333333,0.16614012,0.09777778,0.00000000,0.00000000,0.78415955,0.78749812,-0.00333857
PersonaSession,71,without_sequence,Destination,5d428db11023847cc1bf8c14bf59a58ef00b251fd3117efca9971cc4b4cb0100,6000,4950,0,0.49071926,0.09420290,0.02888889,0.04421769,0.10222222,0.00312685,0.24414493,0.44084414,0.44239912,-0.00155498
PersonaSession,71,without_sequence,Synchrony,5d428db11023847cc1bf8c14bf59a58ef00b251fd3117efca9971cc4b4cb0100,6000,4950,0,0.49928840,0.09890110,0.02000000,0.03327172,0.09111111,0.00277344,0.65341959,0.02237037,0.02133333,0.00103704
PersonaSession,71,without_sequence,Funding,5d428db11023847cc1bf8c14bf59a58ef00b251fd3117efca9971cc4b4cb0100,6000,4950,0,1.00000000,1.00000000,1.00000000,1.00000000,1.00000000,1.00000000,1.00000000,1.00000000,0.00000000,1.00000000
PersonaSession,71,without_sequence,Route,5d428db11023847cc1bf8c14bf59a58ef00b251fd3117efca9971cc4b4cb0100,6000,4950,0,0.50000000,0.09090909,1.00000000,0.16666667,0.08666667,0.00000000,0.00000000,1.00000000,1.00000000,0.00000000
PersonaSession,71,without_sequence,BalanceRank,5d428db11023847cc1bf8c14bf59a58ef00b251fd3117efca9971cc4b4cb0100,6000,4950,0,0.90891556,0.19266055,0.93333333,0.31939163,0.63333333,0.00041905,0.09455928,0.86203792,0.45279621,0.40924172
PersonaSession,71,without_synchrony,composite,5d428db11023847cc1bf8c14bf59a58ef00b251fd3117efca9971cc4b4cb0100,6000,4950,0,0.99685926,0.43310876,1.00000000,0.60443251,0.90222222,0.00000000,0.00000000,,,
PersonaSession,71,without_synchrony,Timing,5d428db11023847cc1bf8c14bf59a58ef00b251fd3117efca9971cc4b4cb0100,6000,4950,0,0.50334494,0.09843400,0.09777778,0.09810479,0.09777778,-0.00244101,0.10285597,0.35734741,0.35482946,0.00251796
PersonaSession,71,without_synchrony,Amount,5d428db11023847cc1bf8c14bf59a58ef00b251fd3117efca9971cc4b4cb0100,6000,4950,0,0.50861704,0.09090909,1.00000000,0.16666667,0.09555556,0.00000000,0.00000000,0.74402913,0.74386011,0.00016902
PersonaSession,71,without_synchrony,Sequence,5d428db11023847cc1bf8c14bf59a58ef00b251fd3117efca9971cc4b4cb0100,6000,4950,0,0.49398963,0.09065098,0.99333333,0.16614012,0.09777778,0.00000000,0.00000000,0.78415955,0.78749812,-0.00333857
PersonaSession,71,without_synchrony,Destination,5d428db11023847cc1bf8c14bf59a58ef00b251fd3117efca9971cc4b4cb0100,6000,4950,0,0.49071926,0.09420290,0.02888889,0.04421769,0.10222222,0.00312685,0.24414493,0.44084414,0.44239912,-0.00155498
PersonaSession,71,without_synchrony,Synchrony,5d428db11023847cc1bf8c14bf59a58ef00b251fd3117efca9971cc4b4cb0100,6000,4950,0,0.49928840,0.09890110,0.02000000,0.03327172,0.09111111,0.00277344,0.65341959,0.02237037,0.02133333,0.00103704
PersonaSession,71,without_synchrony,Funding,5d428db11023847cc1bf8c14bf59a58ef00b251fd3117efca9971cc4b4cb0100,6000,4950,0,1.00000000,1.00000000,1.00000000,1.00000000,1.00000000,1.00000000,1.00000000,1.00000000,0.00000000,1.00000000
PersonaSession,71,without_synchrony,Route,5d428db11023847cc1bf8c14bf59a58ef00b251fd3117efca9971cc4b4cb0100,6000,4950,0,0.50000000,0.09090909,1.00000000,0.16666667,0.08666667,0.00000000,0.00000000,1.00000000,1.00000000,0.00000000
PersonaSession,71,without_synchrony,BalanceRank,5d428db11023847cc1bf8c14bf59a58ef00b251fd3117efca9971cc4b4cb0100,6000,4950,0,0.90891556,0.19266055,0.93333333,0.31939163,0.63333333,0.00041905,0.09455928,0.86203792,0.45279621,0.40924172
PersonaSession,71,without_funding,composite,5d428db11023847cc1bf8c14bf59a58ef00b251fd3117efca9971cc4b4cb0100,6000,4950,0,0.74647309,0.19387755,0.33777778,0.24635332,0.12888889,0.00000000,0.00000000,,,
PersonaSession,71,without_funding,Timing,5d428db11023847cc1bf8c14bf59a58ef00b251fd3117efca9971cc4b4cb0100,6000,4950,0,0.50334494,0.09843400,0.09777778,0.09810479,0.09777778,-0.00244101,0.10285597,0.35734741,0.35482946,0.00251796
PersonaSession,71,without_funding,Amount,5d428db11023847cc1bf8c14bf59a58ef00b251fd3117efca9971cc4b4cb0100,6000,4950,0,0.50861704,0.09090909,1.00000000,0.16666667,0.09555556,0.00000000,0.00000000,0.74402913,0.74386011,0.00016902
PersonaSession,71,without_funding,Sequence,5d428db11023847cc1bf8c14bf59a58ef00b251fd3117efca9971cc4b4cb0100,6000,4950,0,0.49398963,0.09065098,0.99333333,0.16614012,0.09777778,0.00000000,0.00000000,0.78415955,0.78749812,-0.00333857
PersonaSession,71,without_funding,Destination,5d428db11023847cc1bf8c14bf59a58ef00b251fd3117efca9971cc4b4cb0100,6000,4950,0,0.49071926,0.09420290,0.02888889,0.04421769,0.10222222,0.00312685,0.24414493,0.44084414,0.44239912,-0.00155498
PersonaSession,71,without_funding,Synchrony,5d428db11023847cc1bf8c14bf59a58ef00b251fd3117efca9971cc4b4cb0100,6000,4950,0,0.49928840,0.09890110,0.02000000,0.03327172,0.09111111,0.00277344,0.65341959,0.02237037,0.02133333,0.00103704
PersonaSession,71,without_funding,Funding,5d428db11023847cc1bf8c14bf59a58ef00b251fd3117efca9971cc4b4cb0100,6000,4950,0,1.00000000,1.00000000,1.00000000,1.00000000,1.00000000,1.00000000,1.00000000,1.00000000,0.00000000,1.00000000
PersonaSession,71,without_funding,Route,5d428db11023847cc1bf8c14bf59a58ef00b251fd3117efca9971cc4b4cb0100,6000,4950,0,0.50000000,0.09090909,1.00000000,0.16666667,0.08666667,0.00000000,0.00000000,1.00000000,1.00000000,0.00000000
PersonaSession,71,without_funding,BalanceRank,5d428db11023847cc1bf8c14bf59a58ef00b251fd3117efca9971cc4b4cb0100,6000,4950,0,0.90891556,0.19266055,0.93333333,0.31939163,0.63333333,0.00041905,0.09455928,0.86203792,0.45279621,0.40924172
